-- phpMyAdmin SQL Dump
-- version 4.9.7
-- https://www.phpmyadmin.net/
--
-- Host: localhost:8889
-- Generation Time: Jun 20, 2022 at 09:19 AM
-- Server version: 5.7.32
-- PHP Version: 7.4.12

SET SQL_MODE = "NO_AUTO_VALUE_ON_ZERO";
SET time_zone = "+00:00";


/*!40101 SET @OLD_CHARACTER_SET_CLIENT=@@CHARACTER_SET_CLIENT */;
/*!40101 SET @OLD_CHARACTER_SET_RESULTS=@@CHARACTER_SET_RESULTS */;
/*!40101 SET @OLD_COLLATION_CONNECTION=@@COLLATION_CONNECTION */;
/*!40101 SET NAMES utf8mb4 */;

--
-- Database: `live_sanjivani`
--

-- --------------------------------------------------------

--
-- Table structure for table `appointment_reminder`
--

CREATE TABLE `appointment_reminder` (
  `id` int(11) NOT NULL,
  `user_id` int(11) DEFAULT NULL,
  `date` varchar(50) DEFAULT NULL,
  `user_selected_time` varchar(50) DEFAULT NULL,
  `status` tinyint(1) DEFAULT NULL,
  `created_at` datetime NOT NULL,
  `updated_at` datetime NOT NULL,
  `doctor_id` int(11) DEFAULT NULL
) ENGINE=InnoDB DEFAULT CHARSET=utf8;

--
-- Dumping data for table `appointment_reminder`
--

INSERT INTO `appointment_reminder` (`id`, `user_id`, `date`, `user_selected_time`, `status`, `created_at`, `updated_at`, `doctor_id`) VALUES
(4, NULL, '2022-04-19', '19:00:00', 1, '2022-04-20 07:29:03', '2022-04-20 07:29:03', 1),
(5, NULL, '2022-04-19', '19:00:00', 1, '2022-04-20 07:30:58', '2022-04-20 07:30:58', 2),
(6, NULL, '2022-04-19', '19:00:00', 1, '2022-04-20 11:31:59', '2022-04-20 11:31:59', 4),
(7, NULL, '2022-04-19', '19:00:00', 1, '2022-04-20 11:34:00', '2022-04-20 11:34:00', 4),
(8, NULL, '2022-04-19', '19:00:00', 1, '2022-04-20 11:34:38', '2022-04-20 11:34:38', 4),
(9, NULL, '2022-04-19', '19:00:00', 1, '2022-04-20 11:34:57', '2022-04-20 11:34:57', 4),
(10, NULL, '2022-04-19', '19:00:00', 0, '2022-04-20 11:39:29', '2022-06-08 10:22:04', 5),
(11, NULL, '2022-04-19', '19:00:00', 1, '2022-04-25 04:12:18', '2022-04-25 04:12:18', 4),
(12, NULL, '2022-04-19', '19:00', 1, '2022-04-25 10:21:37', '2022-04-25 10:21:37', 4),
(13, NULL, '25-4-2022', '16:02', 1, '2022-04-25 10:35:52', '2022-04-25 11:09:26', 4),
(14, NULL, '25-4-2022', '16:02', 1, '2022-04-25 10:36:00', '2022-04-25 10:36:00', 5),
(15, NULL, '25-4-2022', '16:07', 1, '2022-04-25 10:51:59', '2022-04-25 11:09:39', 6),
(16, NULL, '30-4-2022', '16:07', 1, '2022-04-25 10:52:47', '2022-04-25 10:52:47', 5),
(17, NULL, '30-4-2022', '16:07', 1, '2022-04-25 10:52:48', '2022-04-25 10:52:48', 4),
(18, NULL, '30-4-2022', '16:07', 1, '2022-04-25 10:52:51', '2022-04-25 10:52:51', 4),
(19, NULL, '30-4-2022', '16:07', 1, '2022-04-25 10:52:57', '2022-04-25 10:52:57', 4),
(20, NULL, '30-4-2022', '16:07', 1, '2022-04-25 10:53:34', '2022-04-25 10:53:34', 4),
(21, NULL, '25-4-2022', '16:07', 1, '2022-04-25 10:55:32', '2022-04-25 10:55:32', 4),
(22, NULL, '18-4-2022', '16:35', 1, '2022-04-25 11:06:38', '2022-04-25 11:06:38', 4),
(23, NULL, '27-4-2022', '15:59', 1, '2022-04-27 10:43:43', '2022-04-27 10:43:43', 4),
(24, NULL, '2022-04-19', '19:00', 1, '2022-05-26 07:10:39', '2022-05-26 07:10:39', 4),
(28, 37, '2022-04-19', '16:18', 1, '2022-06-02 10:00:42', '2022-06-08 11:08:23', 4),
(36, 37, '2022-04-1', '19:00', 0, '2022-06-02 10:03:44', '2022-06-08 11:08:18', 4),
(37, 37, '2022-04-1', '19:00', 1, '2022-06-03 12:50:18', '2022-06-03 12:50:18', 4),
(45, 49, '2022-04-19', '19:00', 1, '2022-06-06 09:55:47', '2022-06-09 06:41:20', 4),
(46, 37, '2022-06-09', '18:51', 1, '2022-06-06 10:17:32', '2022-06-06 10:17:32', 4),
(47, 49, '2022-04-19', '19:00', 1, '2022-06-07 04:32:28', '2022-06-07 04:32:28', 4),
(48, 49, '2022-04-19', '12:02', 1, '2022-06-07 04:35:12', '2022-06-09 06:41:22', 5),
(49, 49, '2022-04-19', '19:00', 1, '2022-06-07 04:37:46', '2022-06-07 04:37:46', 5),
(51, 49, '2022-04-19', '19:00', 1, '2022-06-07 06:32:19', '2022-06-07 06:32:19', 5),
(53, 49, '2022-04-19', '19:00', 1, '2022-06-07 06:42:58', '2022-06-07 06:42:58', 5),
(69, 37, '2022-06-8', '17:00', 0, '2022-06-08 07:44:31', '2022-06-08 11:03:04', 43),
(70, 37, '2022-06-8', '15:00', 1, '2022-06-08 08:56:56', '2022-06-08 08:56:56', 44),
(71, 37, '2022-06-8', '12:00', 1, '2022-06-08 08:59:04', '2022-06-08 08:59:04', 45),
(72, 37, '2022-06-8', '1:00', 0, '2022-06-08 09:00:07', '2022-06-08 11:03:37', 46),
(73, 41, '8th June 2022', 'Time', 0, '2022-06-08 12:50:34', '2022-06-10 07:02:20', 50),
(74, 41, '8th June 2022', 'Time', 1, '2022-06-08 12:50:34', '2022-06-20 07:33:29', 50),
(75, 49, '9th June 2022', '1:05 PM', 1, '2022-06-09 06:30:40', '2022-06-09 06:41:10', 13),
(76, 49, '9th June 2022', '3:00 PM', 1, '2022-06-09 07:09:23', '2022-06-09 07:09:23', 80),
(77, NULL, '9th June 2022', '2:38 PM', 1, '2022-06-09 07:11:25', '2022-06-09 07:11:25', 81),
(78, NULL, '2022-06-9', '1:38 PM', 1, '2022-06-09 07:17:11', '2022-06-09 07:17:11', 11),
(79, 37, '2022-06-9', '17:30', 1, '2022-06-09 11:29:52', '2022-06-09 11:29:52', 2),
(80, 37, '2022-06-9', '5:04 PM', 1, '2022-06-09 11:31:24', '2022-06-09 11:31:24', 2),
(81, 65, '2022-06-9', '8:25 PM', 0, '2022-06-09 11:56:13', '2022-06-09 12:45:38', 88),
(82, 65, '2022-06-9', '8:32 PM', 0, '2022-06-09 12:05:12', '2022-06-09 12:05:19', 88),
(83, 65, '2022-06-9', '6:16 PM', 0, '2022-06-09 12:45:00', '2022-06-09 12:45:43', 52),
(84, 65, '2022-06-9', '6:16 PM', 0, '2022-06-09 12:45:00', '2022-06-09 12:45:39', 52),
(85, 65, '2022-06-9', '6:16 PM', 0, '2022-06-09 12:45:00', '2022-06-09 12:45:45', 52),
(86, 65, '2022-06-9', '6:20 PM', 0, '2022-06-09 12:48:01', '2022-06-17 09:34:20', 157),
(87, 37, '2022-06-9', '06:46', 1, '2022-06-09 13:10:05', '2022-06-09 13:10:05', 2),
(88, 37, '2022-06-09', '19:10:00', 1, '2022-06-09 13:32:49', '2022-06-09 13:32:49', 2),
(89, 75, '2022-06-10', '09:55:00', 1, '2022-06-10 04:26:09', '2022-06-10 04:26:09', 160),
(90, 77, '2022-06-10', 'Time:00', 0, '2022-06-10 05:51:44', '2022-06-10 06:11:21', 166),
(91, 77, '2022-06-10', '11:40:00', 0, '2022-06-10 06:09:14', '2022-06-10 06:11:10', 168),
(92, 77, '2022-06-10', '11:40:00', 0, '2022-06-10 06:09:15', '2022-06-10 06:11:23', 168),
(93, 77, '2022-06-10', '11:40:00', 0, '2022-06-10 06:09:40', '2022-06-10 06:11:12', 169),
(94, 77, '2022-06-10', '11:41:00', 0, '2022-06-10 06:10:44', '2022-06-10 06:11:08', 170),
(95, 77, '2022-06-10', '11:50:00', 1, '2022-06-10 06:17:47', '2022-06-10 06:17:47', 171),
(96, 77, '2022-06-10', '11:48:00', 1, '2022-06-10 06:18:20', '2022-06-10 06:18:20', 88),
(97, 77, '2022-06-10', '11:49:00', 1, '2022-06-10 06:18:44', '2022-06-10 06:18:44', 172),
(98, 77, '2022-06-10', '11:49:00', 1, '2022-06-10 06:19:52', '2022-06-10 06:19:52', 173),
(99, 77, '2022-06-10', '11:52:00', 1, '2022-06-10 06:20:47', '2022-06-10 06:20:47', 88),
(100, 49, '2022-06-10', '15:01:00', 1, '2022-06-10 06:50:22', '2022-06-10 06:50:22', 13),
(101, 49, '2022-06-10', '16:01:00', 1, '2022-06-10 06:52:31', '2022-06-10 06:52:31', 13),
(102, 49, '2022-06-10', '16:01:00', 1, '2022-06-10 06:53:18', '2022-06-10 06:53:18', 175),
(103, 93, '2022-06-10', '12:29:00', 1, '2022-06-10 06:55:43', '2022-06-10 06:55:43', 176),
(104, 94, '2022-06-10', '12:30:00', 1, '2022-06-10 06:57:27', '2022-06-10 06:57:27', 52),
(105, 65, '2022-06-10', '13:05:00', 0, '2022-06-10 07:32:42', '2022-06-17 09:34:18', 88),
(106, 65, '2022-06-10', '13:05:00', 0, '2022-06-10 07:33:36', '2022-06-17 10:12:08', 52),
(107, 98, '2022-06-10', '14:30:00', 1, '2022-06-10 08:59:47', '2022-06-10 08:59:47', 52),
(108, 65, '2022-06-10', '14:32:00', 0, '2022-06-10 09:00:37', '2022-06-17 09:34:22', 52),
(109, 65, '2022-06-10', '14:35:00', 0, '2022-06-10 09:00:58', '2022-06-17 10:12:06', 50),
(110, 114, '2022-06-15', '14:53:00', 1, '2022-06-15 09:19:21', '2022-06-15 09:19:21', 88),
(111, 114, '2022-06-15', '14:53:00', 1, '2022-06-15 09:19:22', '2022-06-15 09:19:22', 88),
(112, 127, '2022-06-30', '14:08:00', 1, '2022-06-15 16:15:47', '2022-06-15 16:15:47', 185),
(113, 128, '2022-06-17', '12:10:00', 1, '2022-06-17 05:49:26', '2022-06-17 09:29:30', 13),
(114, 129, '2022-08-11', '14:51:00', 1, '2022-06-17 07:16:00', '2022-06-17 07:16:00', 88),
(115, 129, '2022-08-11', '14:51:00', 0, '2022-06-17 07:16:00', '2022-06-17 07:19:29', 88),
(116, 129, '2022-06-17', '16:25:00', 0, '2022-06-17 07:17:34', '2022-06-17 07:19:34', 201),
(117, 129, '2022-06-17', '16:25:00', 0, '2022-06-17 07:17:35', '2022-06-17 07:19:32', 201),
(118, 65, '2022-06-17', '16:25:00', 1, '2022-06-17 10:09:09', '2022-06-17 10:16:50', 206),
(119, 65, '2022-06-25', '16:24:00', 0, '2022-06-17 10:11:13', '2022-06-17 10:11:41', 13),
(120, 65, '2022-06-17', '16:17:00', 1, '2022-06-17 10:34:51', '2022-06-17 10:34:51', 210),
(121, 127, '2022-06-20', '23:28:00', 1, '2022-06-19 23:40:40', '2022-06-19 23:40:40', 212),
(122, 134, '2022-06-19', '21:30:00', 1, '2022-06-20 00:37:30', '2022-06-20 00:37:30', 214),
(123, 134, '2022-06-19', '21:28:00', 1, '2022-06-20 00:38:18', '2022-06-20 00:38:18', 214),
(124, 127, '2022-06-19', '22:10:00', 1, '2022-06-20 02:08:56', '2022-06-20 02:08:56', 215),
(125, 63, '2022-06-20', '09:47:00', 1, '2022-06-20 04:15:54', '2022-06-20 04:15:54', 41);

-- --------------------------------------------------------

--
-- Table structure for table `care_giver`
--

CREATE TABLE `care_giver` (
  `id` int(11) NOT NULL,
  `first_name` varchar(50) DEFAULT NULL,
  `last_name` varchar(50) DEFAULT NULL,
  `contact_no` varchar(13) DEFAULT NULL,
  `email` varchar(50) DEFAULT NULL,
  `nick_name` varchar(50) DEFAULT NULL,
  `created_at` datetime NOT NULL,
  `updated_at` datetime NOT NULL,
  `user_id` int(11) DEFAULT NULL
) ENGINE=InnoDB DEFAULT CHARSET=utf8;

--
-- Dumping data for table `care_giver`
--

INSERT INTO `care_giver` (`id`, `first_name`, `last_name`, `contact_no`, `email`, `nick_name`, `created_at`, `updated_at`, `user_id`) VALUES
(2, 'ketan', 'patel', '9999999999', 'Nanna@gmail.com', 'Nnanna', '2022-06-10 05:58:00', '2022-06-10 05:58:00', 77),
(5, 'bhavyaa', 'savaliyaa', '7622034351', 'bhavyasavaliya.bs@gmail.com', 'bhayu', '2022-06-10 09:02:57', '2022-06-10 09:02:57', 49),
(6, 'abdul', 'vora', '9998887777', 'bhavya@gmail.com', 'abu', '2022-06-10 09:05:57', '2022-06-10 09:05:57', 49),
(7, 'abdul', 'vora', '9998887777', 'bhavya@gmail.com', 'abu', '2022-06-10 09:06:29', '2022-06-10 09:06:29', 49),
(8, 'abdul', 'vora', '9998887777', 'bhavya@gmail.com', 'abu', '2022-06-10 09:07:11', '2022-06-10 09:07:11', 49),
(17, 'Su kem', 'Su kem', '9797979799', 'Evu@gmail.com', 'Na', '2022-06-10 11:28:48', '2022-06-10 11:28:48', 103),
(18, 'Jaa ne have', 'Last', '9999999999', 'Jaa@gmail.com', 'Jaaa', '2022-06-10 11:30:12', '2022-06-10 11:30:12', 103),
(19, 'Jaa ne have', 'Last', '9999999999', 'Jaa@gmail.com', 'Jaaa', '2022-06-10 11:30:15', '2022-06-10 11:30:15', 103),
(20, 'Jaa ne have', 'Last', '9999999999', 'Jaa@gmail.com', 'Jaaa', '2022-06-10 11:30:18', '2022-06-10 11:30:18', 103),
(21, 'Jaa ne have', 'Last', '9999999999', 'Jaa@gmail.com', 'Jaaa', '2022-06-10 11:30:21', '2022-06-10 11:30:21', 103),
(22, 'Bhrugu', 'Tundeliya', '8460404010', 'Hale@gmail.com', 'Nahale', '2022-06-10 11:31:37', '2022-06-10 11:31:37', 103),
(23, 'Bhrugu', 'Tundeliya', '8460404010', 'Hale@gmail.com', 'Nahale', '2022-06-10 11:31:38', '2022-06-10 11:31:38', 103),
(24, 'Bhrugu', 'Tundeliya', '8460404010', 'Hale@gmail.com', 'Nahale', '2022-06-10 11:31:40', '2022-06-10 11:31:40', 103),
(25, 'Bhrugu', 'Tundeliya', '8460404010', 'Hale@gmail.com', 'Nahale', '2022-06-10 11:31:41', '2022-06-10 11:31:41', 103),
(43, 'Jjjj', 'Jaji', '9999999999', 'knowbhrugu14@gmail.com', 'Krk', '2022-06-10 13:27:47', '2022-06-10 13:27:47', 107),
(44, 'bhrugu', 'tundeliya', '9182004514', 'bhrugutundeliya@gmail.com', 'Jjj', '2022-06-13 13:29:46', '2022-06-13 13:29:46', 41),
(45, 'ketan', 'patel', '1234567891', 'ketanp1121@gmail.com', 'Bhrugu', '2022-06-15 09:18:12', '2022-06-15 09:18:12', 114),
(48, 'U', '6', '6666665556', 'Bhavyasavaliya.bs@Gmail.gh', 'Jjj', '2022-06-17 07:24:07', '2022-06-17 07:24:07', 129),
(54, 'Ram', 'Kumar', '1234567890', 'Abc@xyz.com', 'First ', '2022-06-19 23:32:31', '2022-06-19 23:32:31', 127);

-- --------------------------------------------------------

--
-- Table structure for table `category`
--

CREATE TABLE `category` (
  `id` int(11) NOT NULL,
  `name` varchar(255) DEFAULT NULL,
  `created_at` datetime NOT NULL,
  `updated_at` datetime NOT NULL
) ENGINE=InnoDB DEFAULT CHARSET=utf8;

--
-- Dumping data for table `category`
--

INSERT INTO `category` (`id`, `name`, `created_at`, `updated_at`) VALUES
(1, 'Vitals', '2022-04-21 04:24:49', '2022-04-21 04:24:49'),
(2, 'Measurements', '2022-04-21 04:24:49', '2022-04-21 04:24:49'),
(3, 'Activity', '2022-04-21 04:24:49', '2022-04-21 04:24:49'),
(4, 'Others', '2022-04-21 04:24:49', '2022-04-21 04:24:49'),
(5, 'Care Giver', '2022-04-21 04:24:49', '2022-04-21 04:24:49'),
(6, 'Medications', '2022-04-21 04:24:49', '2022-04-21 04:24:49'),
(7, 'Appointments', '2022-04-21 04:24:49', '2022-04-21 04:24:49'),
(8, 'Symptoms Check', '2022-04-21 04:24:49', '2022-04-21 04:24:49');

-- --------------------------------------------------------

--
-- Table structure for table `contact_us`
--

CREATE TABLE `contact_us` (
  `id` int(11) NOT NULL,
  `title` varchar(50) DEFAULT NULL,
  `date` varchar(50) DEFAULT NULL,
  `image` varchar(50) DEFAULT NULL,
  `note` varchar(250) DEFAULT NULL,
  `created_at` datetime NOT NULL,
  `updated_at` datetime NOT NULL,
  `user_id` int(11) DEFAULT NULL
) ENGINE=InnoDB DEFAULT CHARSET=utf8;

--
-- Dumping data for table `contact_us`
--

INSERT INTO `contact_us` (`id`, `title`, `date`, `image`, `note`, `created_at`, `updated_at`, `user_id`) VALUES
(1, 'this is title', '2022-06-20', NULL, 'this is notes', '2022-06-20 09:03:45', '2022-06-20 09:03:45', 70),
(2, 'this is title', '2022-06-20', '1655715884169_340.jpg', 'this is notes', '2022-06-20 09:04:44', '2022-06-20 09:04:44', 70);

-- --------------------------------------------------------

--
-- Table structure for table `doctors`
--

CREATE TABLE `doctors` (
  `id` int(11) NOT NULL,
  `doctor_name` varchar(50) DEFAULT NULL,
  `speciality` varchar(50) DEFAULT NULL,
  `created_at` datetime NOT NULL,
  `updated_at` datetime NOT NULL,
  `doctor_address` varchar(150) DEFAULT NULL
) ENGINE=InnoDB DEFAULT CHARSET=utf8;

--
-- Dumping data for table `doctors`
--

INSERT INTO `doctors` (`id`, `doctor_name`, `speciality`, `created_at`, `updated_at`, `doctor_address`) VALUES
(1, 'Darshan', 'Physician', '2022-04-20 07:22:50', '2022-04-20 07:22:50', NULL),
(2, 'komal', 'Physician', '2022-04-20 07:30:58', '2022-06-09 13:32:49', 'Anand '),
(3, 'Pragnesh Patel', 'Physician', '2022-04-20 11:25:43', '2022-04-20 11:25:43', NULL),
(4, 'doc ', 'Physician', '2022-04-20 11:31:59', '2022-04-20 11:31:59', NULL),
(5, 'swati ', 'Physician', '2022-04-20 11:39:29', '2022-06-07 07:23:27', 'Vallabh Vidhyanagar'),
(6, 'Abdul', 'Heart', '2022-04-25 10:51:59', '2022-06-07 12:15:31', 'rajkot'),
(7, 'Abdul', '', '2022-06-01 10:36:53', '2022-06-01 10:36:53', NULL),
(8, 'D', '', '2022-06-01 10:39:21', '2022-06-01 10:39:21', NULL),
(9, 'Dmo', '', '2022-06-01 10:57:53', '2022-06-01 10:57:53', NULL),
(10, 'Dolo', '', '2022-06-01 11:08:28', '2022-06-01 11:08:28', NULL),
(11, 'Demo', '', '2022-06-01 11:11:43', '2022-06-09 07:17:11', 'Vhjk'),
(12, '', NULL, '2022-06-01 13:20:01', '2022-06-01 13:20:01', NULL),
(13, 'bhavya ', 'Physician', '2022-06-02 10:02:40', '2022-06-17 10:11:13', '_tt'),
(14, 'krupal Patel', NULL, '2022-06-03 11:26:50', '2022-06-03 11:26:50', NULL),
(15, 'Pragnesh Patel', NULL, '2022-06-03 12:13:32', '2022-06-03 12:13:32', NULL),
(16, 'Pragnesh Patel', NULL, '2022-06-03 12:14:04', '2022-06-03 12:14:04', NULL),
(17, 'Pragnesh Patel', NULL, '2022-06-03 12:14:16', '2022-06-03 12:14:16', NULL),
(18, 'Pragnesh Patel', NULL, '2022-06-03 12:22:46', '2022-06-03 12:22:46', NULL),
(19, 'Pragnesh Patel', NULL, '2022-06-03 12:26:14', '2022-06-03 12:26:14', NULL),
(20, 'krupal Patel', NULL, '2022-06-03 12:29:32', '2022-06-03 12:29:32', NULL),
(21, 'krupal Patel', NULL, '2022-06-03 12:30:04', '2022-06-03 12:30:04', NULL),
(22, 'bhav', NULL, '2022-06-07 07:09:48', '2022-06-07 07:09:48', NULL),
(23, 'sdf', NULL, '2022-06-07 09:11:01', '2022-06-07 09:11:01', 'anand, Gujarat'),
(24, 'qw', NULL, '2022-06-07 09:41:58', '2022-06-07 09:41:58', NULL),
(25, 'Dr Garg', NULL, '2022-06-07 10:07:24', '2022-06-07 10:07:24', NULL),
(26, 'Dr Garg', NULL, '2022-06-07 10:09:19', '2022-06-07 10:09:19', NULL),
(27, 'Dr . Code', NULL, '2022-06-07 10:16:31', '2022-06-07 10:16:31', NULL),
(28, 'Pragnesh Patel', NULL, '2022-06-07 10:22:28', '2022-06-07 10:22:28', NULL),
(29, 'Pragnesh Patel', NULL, '2022-06-07 10:22:45', '2022-06-07 10:22:45', NULL),
(30, 'Pragnesh Patel', NULL, '2022-06-07 10:23:02', '2022-06-07 10:23:02', NULL),
(31, 'Pragnesh Patel', NULL, '2022-06-07 10:23:26', '2022-06-07 10:23:26', NULL),
(32, 'Pragnesh Patel', NULL, '2022-06-07 10:31:22', '2022-06-07 10:31:22', NULL),
(33, 'Pragnesh Patel', NULL, '2022-06-07 10:31:56', '2022-06-07 10:31:56', NULL),
(34, 'Dr. Fixit', NULL, '2022-06-07 10:35:43', '2022-06-07 10:35:43', NULL),
(35, 'Dr. Fixit', NULL, '2022-06-07 10:36:15', '2022-06-07 10:36:15', NULL),
(36, 'Dr. Fixit', NULL, '2022-06-07 10:54:48', '2022-06-07 10:54:48', NULL),
(37, 'Dr Jems Bond', NULL, '2022-06-07 11:18:24', '2022-06-07 11:18:24', NULL),
(38, 'Bnasi', NULL, '2022-06-07 11:50:28', '2022-06-07 11:50:28', 'anand'),
(39, 'Pragnesh Patel', NULL, '2022-06-07 12:04:10', '2022-06-07 12:04:10', NULL),
(40, 'Pragnesh Patel', NULL, '2022-06-08 06:34:41', '2022-06-08 06:34:41', NULL),
(41, 'Dr . Hiral', NULL, '2022-06-08 07:38:49', '2022-06-20 04:15:54', 'H'),
(42, 'Dr . Hiral', NULL, '2022-06-08 07:39:23', '2022-06-08 07:39:23', NULL),
(43, 'aabbcc', NULL, '2022-06-08 07:44:31', '2022-06-08 07:44:31', 'near aaaaaa'),
(44, 'ssssssssssc', NULL, '2022-06-08 08:56:56', '2022-06-08 08:56:56', 'near aaaaaa'),
(45, 'kkccccccccc', NULL, '2022-06-08 08:59:04', '2022-06-08 08:59:04', 'near aaaaaa'),
(46, 'nnb', NULL, '2022-06-08 09:00:07', '2022-06-08 09:00:07', 'near aaaaaa'),
(47, 'Dr max', NULL, '2022-06-08 09:40:11', '2022-06-08 09:40:11', NULL),
(48, 'Dr max', NULL, '2022-06-08 09:43:38', '2022-06-08 09:43:38', NULL),
(49, 'Dr gang', NULL, '2022-06-08 11:52:45', '2022-06-08 11:52:45', NULL),
(50, 'Ketan', NULL, '2022-06-08 12:50:34', '2022-06-10 09:00:58', 'initial val...'),
(51, 'Speacial', NULL, '2022-06-08 13:05:09', '2022-06-08 13:05:09', NULL),
(52, 'Bhrugu', NULL, '2022-06-08 13:05:09', '2022-06-10 09:00:37', 'item.doctor_address'),
(53, 'Speacial', NULL, '2022-06-08 13:05:11', '2022-06-08 13:05:11', NULL),
(54, 'Speacial', NULL, '2022-06-08 13:05:12', '2022-06-08 13:05:12', NULL),
(55, 'Speacial', NULL, '2022-06-08 13:05:17', '2022-06-08 13:05:17', NULL),
(56, 'Speacial', NULL, '2022-06-08 13:07:02', '2022-06-08 13:07:02', NULL),
(57, 'Speacial', NULL, '2022-06-08 13:08:09', '2022-06-08 13:08:09', NULL),
(58, 'Aaaaa', NULL, '2022-06-09 04:23:35', '2022-06-09 04:23:35', NULL),
(59, 'Aaa111', NULL, '2022-06-09 04:48:15', '2022-06-09 04:48:15', NULL),
(60, 'Aaa11222', NULL, '2022-06-09 04:50:43', '2022-06-09 04:50:43', NULL),
(61, 'Bhavya', NULL, '2022-06-09 06:33:01', '2022-06-09 06:33:01', NULL),
(62, 'Bhavya', NULL, '2022-06-09 06:33:04', '2022-06-09 06:33:04', NULL),
(63, 'Bhavya', NULL, '2022-06-09 06:33:04', '2022-06-09 06:33:04', NULL),
(64, 'Bhavya', NULL, '2022-06-09 06:33:05', '2022-06-09 06:33:05', NULL),
(65, 'Bhavya', NULL, '2022-06-09 06:33:06', '2022-06-09 06:33:06', NULL),
(66, 'Bhavya', NULL, '2022-06-09 06:33:06', '2022-06-09 06:33:06', NULL),
(67, 'Bhavya', NULL, '2022-06-09 06:33:07', '2022-06-09 06:33:07', NULL),
(68, 'Bhavya', NULL, '2022-06-09 06:33:19', '2022-06-09 06:33:19', NULL),
(69, 'Bhavya', NULL, '2022-06-09 06:33:20', '2022-06-09 06:33:20', NULL),
(70, 'Bhavya', NULL, '2022-06-09 06:33:20', '2022-06-09 06:33:20', NULL),
(71, 'Bhavya', NULL, '2022-06-09 06:33:23', '2022-06-09 06:33:23', NULL),
(72, 'Bhavya', NULL, '2022-06-09 06:33:24', '2022-06-09 06:33:24', NULL),
(73, 'Bhavya', NULL, '2022-06-09 06:33:24', '2022-06-09 06:33:24', NULL),
(74, 'Bhavya', NULL, '2022-06-09 06:33:24', '2022-06-09 06:33:24', NULL),
(75, 'Bhavya', NULL, '2022-06-09 06:33:25', '2022-06-09 06:33:25', NULL),
(76, 'Bhavya', NULL, '2022-06-09 06:33:25', '2022-06-09 06:33:25', NULL),
(77, 'Bhavya', NULL, '2022-06-09 06:33:25', '2022-06-09 06:33:25', NULL),
(78, 'Bhavya', NULL, '2022-06-09 06:35:36', '2022-06-09 06:35:36', NULL),
(79, 'Dr code', NULL, '2022-06-09 06:48:21', '2022-06-09 06:48:21', NULL),
(80, 'Bansi', NULL, '2022-06-09 07:09:23', '2022-06-09 07:09:23', 'Mahuva'),
(81, 'Bbbb', NULL, '2022-06-09 07:11:25', '2022-06-09 07:11:25', 'initial val...'),
(82, 'Dr Xcode ', NULL, '2022-06-09 07:35:59', '2022-06-09 07:35:59', NULL),
(83, 'Bansi', NULL, '2022-06-09 09:03:31', '2022-06-09 09:03:31', NULL),
(84, 'Dr  xcode', NULL, '2022-06-09 09:13:23', '2022-06-09 09:13:23', NULL),
(85, 'Dr george', NULL, '2022-06-09 09:47:44', '2022-06-09 09:47:44', NULL),
(86, 'Dolo', NULL, '2022-06-09 10:11:01', '2022-06-09 10:11:01', NULL),
(87, 'Dr Xcode ', NULL, '2022-06-09 11:20:01', '2022-06-09 11:20:01', NULL),
(88, 'Dr bhrugu', NULL, '2022-06-09 11:56:13', '2022-06-17 07:16:00', 'Vidhyanagar '),
(89, 'Kkkkkk', NULL, '2022-06-09 11:57:01', '2022-06-09 11:57:01', NULL),
(90, 'Kkkkkk', NULL, '2022-06-09 11:57:03', '2022-06-09 11:57:03', NULL),
(91, 'Kkkkkk', NULL, '2022-06-09 11:57:03', '2022-06-09 11:57:03', NULL),
(92, 'Kkkkkk', NULL, '2022-06-09 11:57:04', '2022-06-09 11:57:04', NULL),
(93, 'Kkkkkk', NULL, '2022-06-09 11:57:04', '2022-06-09 11:57:04', NULL),
(94, 'Kkkkkk', NULL, '2022-06-09 11:57:04', '2022-06-09 11:57:04', NULL),
(95, 'Kkkkkk', NULL, '2022-06-09 11:57:05', '2022-06-09 11:57:05', NULL),
(96, 'Kkkkkk', NULL, '2022-06-09 11:57:05', '2022-06-09 11:57:05', NULL),
(97, 'Kkkkkk', NULL, '2022-06-09 11:57:09', '2022-06-09 11:57:09', NULL),
(98, 'Kkkkkk', NULL, '2022-06-09 11:57:09', '2022-06-09 11:57:09', NULL),
(99, 'Kkkkkk', NULL, '2022-06-09 11:57:10', '2022-06-09 11:57:10', NULL),
(100, 'Kkkkkk', NULL, '2022-06-09 11:57:10', '2022-06-09 11:57:10', NULL),
(101, 'Kkkkkk', NULL, '2022-06-09 11:57:11', '2022-06-09 11:57:11', NULL),
(102, 'Kkkkkk', NULL, '2022-06-09 11:57:11', '2022-06-09 11:57:11', NULL),
(103, 'Kkkkkk', NULL, '2022-06-09 11:57:12', '2022-06-09 11:57:12', NULL),
(104, 'Kkkkkk', NULL, '2022-06-09 11:57:13', '2022-06-09 11:57:13', NULL),
(105, 'Kkkkkk', NULL, '2022-06-09 11:57:14', '2022-06-09 11:57:14', NULL),
(106, 'Kkkkkk', NULL, '2022-06-09 11:57:15', '2022-06-09 11:57:15', NULL),
(107, 'Kkkkkk', NULL, '2022-06-09 11:57:19', '2022-06-09 11:57:19', NULL),
(108, 'Kkkkkk', NULL, '2022-06-09 11:57:19', '2022-06-09 11:57:19', NULL),
(109, 'Kkkkkk', NULL, '2022-06-09 11:57:20', '2022-06-09 11:57:20', NULL),
(110, 'Kakak', NULL, '2022-06-09 11:59:14', '2022-06-09 11:59:14', NULL),
(111, 'Kajajjq', NULL, '2022-06-09 12:00:36', '2022-06-09 12:00:36', NULL),
(112, 'Patel ', NULL, '2022-06-09 12:08:13', '2022-06-09 12:08:13', NULL),
(113, 'Patel ', NULL, '2022-06-09 12:08:18', '2022-06-09 12:08:18', NULL),
(114, 'Patel ', NULL, '2022-06-09 12:08:21', '2022-06-09 12:08:21', NULL),
(115, 'Patel ', NULL, '2022-06-09 12:08:22', '2022-06-09 12:08:22', NULL),
(116, 'Patel ', NULL, '2022-06-09 12:08:22', '2022-06-09 12:08:22', NULL),
(117, 'Patel ', NULL, '2022-06-09 12:08:22', '2022-06-09 12:08:22', NULL),
(118, 'Patel ', NULL, '2022-06-09 12:08:23', '2022-06-09 12:08:23', NULL),
(119, 'Patel ', NULL, '2022-06-09 12:09:40', '2022-06-09 12:09:40', NULL),
(120, 'Patel ', NULL, '2022-06-09 12:09:41', '2022-06-09 12:09:41', NULL),
(121, 'Patel ', NULL, '2022-06-09 12:09:55', '2022-06-09 12:09:55', NULL),
(122, 'Patel ', NULL, '2022-06-09 12:10:13', '2022-06-09 12:10:13', NULL),
(123, 'Patel ', NULL, '2022-06-09 12:10:13', '2022-06-09 12:10:13', NULL),
(124, 'Patel ', NULL, '2022-06-09 12:10:14', '2022-06-09 12:10:14', NULL),
(125, 'Patel ', NULL, '2022-06-09 12:10:15', '2022-06-09 12:10:15', NULL),
(126, 'Patel ', NULL, '2022-06-09 12:10:15', '2022-06-09 12:10:15', NULL),
(127, 'Patel ', NULL, '2022-06-09 12:10:16', '2022-06-09 12:10:16', NULL),
(128, 'Patel ', NULL, '2022-06-09 12:10:56', '2022-06-09 12:10:56', NULL),
(129, 'Patel ', NULL, '2022-06-09 12:10:57', '2022-06-09 12:10:57', NULL),
(130, 'Patel ', NULL, '2022-06-09 12:10:57', '2022-06-09 12:10:57', NULL),
(131, 'Patel ', NULL, '2022-06-09 12:10:57', '2022-06-09 12:10:57', NULL),
(132, 'Patel ', NULL, '2022-06-09 12:10:58', '2022-06-09 12:10:58', NULL),
(133, 'Patel ', NULL, '2022-06-09 12:10:58', '2022-06-09 12:10:58', NULL),
(134, 'Patel ', NULL, '2022-06-09 12:10:58', '2022-06-09 12:10:58', NULL),
(135, 'Patel ', NULL, '2022-06-09 12:10:59', '2022-06-09 12:10:59', NULL),
(136, 'Patel ', NULL, '2022-06-09 12:10:59', '2022-06-09 12:10:59', NULL),
(137, 'Patel ', NULL, '2022-06-09 12:10:59', '2022-06-09 12:10:59', NULL),
(138, 'Patel ', NULL, '2022-06-09 12:11:00', '2022-06-09 12:11:00', NULL),
(139, 'Patel ', NULL, '2022-06-09 12:11:00', '2022-06-09 12:11:00', NULL),
(140, 'Patel ', NULL, '2022-06-09 12:11:00', '2022-06-09 12:11:00', NULL),
(141, 'Patel ', NULL, '2022-06-09 12:11:01', '2022-06-09 12:11:01', NULL),
(142, 'Patel ', NULL, '2022-06-09 12:11:06', '2022-06-09 12:11:06', NULL),
(143, 'Patel ', NULL, '2022-06-09 12:11:06', '2022-06-09 12:11:06', NULL),
(144, 'Patel ', NULL, '2022-06-09 12:11:09', '2022-06-09 12:11:09', NULL),
(145, 'Dr ', NULL, '2022-06-09 12:17:13', '2022-06-09 12:17:13', NULL),
(146, 'Dolo', NULL, '2022-06-09 12:22:21', '2022-06-09 12:22:21', NULL),
(147, 'krupal Patel', NULL, '2022-06-09 12:27:27', '2022-06-09 12:27:27', NULL),
(148, 'krupal Patel', NULL, '2022-06-09 12:27:44', '2022-06-09 12:27:44', NULL),
(149, 'Dolo', NULL, '2022-06-09 12:29:40', '2022-06-09 12:29:40', NULL),
(150, 'Dolo', NULL, '2022-06-09 12:30:17', '2022-06-09 12:30:17', NULL),
(151, 'Dolo', NULL, '2022-06-09 12:32:11', '2022-06-09 12:32:11', NULL),
(152, 'Dolo', NULL, '2022-06-09 12:38:05', '2022-06-09 12:38:05', NULL),
(153, 'Dolo', NULL, '2022-06-09 12:40:34', '2022-06-09 12:40:34', NULL),
(154, 'Dolo', NULL, '2022-06-09 12:42:30', '2022-06-09 12:42:30', NULL),
(155, 'Dolo', NULL, '2022-06-09 12:45:33', '2022-06-09 12:45:33', NULL),
(156, 'Dolo', NULL, '2022-06-09 12:47:11', '2022-06-09 12:47:11', NULL),
(157, 'Iijj', NULL, '2022-06-09 12:48:01', '2022-06-09 12:48:01', 'initial val...'),
(158, 'Dolo', NULL, '2022-06-09 14:05:15', '2022-06-09 14:05:15', NULL),
(159, 'Ent', NULL, '2022-06-10 04:17:16', '2022-06-10 04:17:16', NULL),
(160, 'Bhrugu1', NULL, '2022-06-10 04:26:09', '2022-06-10 04:26:09', 'Anand'),
(161, 'dolo', NULL, '2022-06-10 04:36:01', '2022-06-10 04:36:01', NULL),
(162, 'dolo', NULL, '2022-06-10 04:40:39', '2022-06-10 04:40:39', NULL),
(163, 'ENT', NULL, '2022-06-10 04:55:15', '2022-06-10 04:55:15', NULL),
(164, 'ENT', NULL, '2022-06-10 05:02:47', '2022-06-10 05:02:47', NULL),
(165, 'Dr George ', NULL, '2022-06-10 05:08:24', '2022-06-10 05:08:24', NULL),
(166, 'Yaad', NULL, '2022-06-10 05:51:44', '2022-06-10 05:51:44', 'initial val..'),
(167, 'Kkkk', NULL, '2022-06-10 05:55:49', '2022-06-10 05:55:49', NULL),
(168, 'Malse', NULL, '2022-06-10 06:09:14', '2022-06-10 06:09:15', 'Navsari'),
(169, 'Wait', NULL, '2022-06-10 06:09:40', '2022-06-10 06:09:40', 'Anad'),
(170, 'Complete ', NULL, '2022-06-10 06:10:44', '2022-06-10 06:10:44', 'Navsari '),
(171, 'Bhvya', NULL, '2022-06-10 06:17:47', '2022-06-10 06:17:47', 'initial val...kem'),
(172, 'Jjj', NULL, '2022-06-10 06:18:44', '2022-06-10 06:18:44', 'initial val...'),
(173, 'Kem', NULL, '2022-06-10 06:19:52', '2022-06-10 06:19:52', 'initial val...'),
(174, 'Kajamj', NULL, '2022-06-10 06:42:52', '2022-06-10 06:42:52', NULL),
(175, 'tyj', NULL, '2022-06-10 06:53:18', '2022-06-10 06:53:18', 'initial val...'),
(176, 'Health', NULL, '2022-06-10 06:55:42', '2022-06-10 06:55:42', 'initial val...'),
(177, 'Mast', NULL, '2022-06-10 09:10:27', '2022-06-10 09:10:27', NULL),
(178, 'Dolo', NULL, '2022-06-10 11:12:24', '2022-06-10 11:12:24', NULL),
(179, 'Tundeliya', NULL, '2022-06-13 12:48:34', '2022-06-13 12:48:34', NULL),
(180, 'Na pade', NULL, '2022-06-13 13:00:21', '2022-06-13 13:00:21', NULL),
(181, 'Hello', NULL, '2022-06-13 13:04:43', '2022-06-13 13:04:43', NULL),
(182, 'User1', NULL, '2022-06-15 06:00:51', '2022-06-15 06:00:51', NULL),
(183, 'Mast', NULL, '2022-06-15 06:59:05', '2022-06-15 06:59:05', NULL),
(184, 'Reminder', NULL, '2022-06-15 07:32:34', '2022-06-15 07:32:34', NULL),
(185, 'Dr Dnm', NULL, '2022-06-15 16:15:47', '2022-06-15 16:15:47', 'Abc'),
(186, 'Ketan', NULL, '2022-06-16 04:26:40', '2022-06-16 04:26:40', NULL),
(187, 'Dr', NULL, '2022-06-16 09:07:24', '2022-06-16 09:07:24', NULL),
(188, 'Fr', NULL, '2022-06-16 09:12:43', '2022-06-16 09:12:43', NULL),
(189, 'Reminder ', NULL, '2022-06-17 04:46:23', '2022-06-17 04:46:23', NULL),
(190, 'Remember 1', NULL, '2022-06-17 04:49:31', '2022-06-17 04:49:31', NULL),
(191, 'Dr. Mahendra', NULL, '2022-06-17 05:15:24', '2022-06-17 05:15:24', NULL),
(192, 'Jwjdj', NULL, '2022-06-17 05:46:07', '2022-06-17 05:46:07', NULL),
(193, 'John', NULL, '2022-06-17 05:48:32', '2022-06-17 05:48:32', NULL),
(194, 'Bhavya', NULL, '2022-06-17 05:54:16', '2022-06-17 05:54:16', NULL),
(195, 'Yyy', NULL, '2022-06-17 06:19:00', '2022-06-17 06:19:00', NULL),
(196, 'Yyy', NULL, '2022-06-17 06:53:24', '2022-06-17 06:53:24', NULL),
(197, 'Uuu', NULL, '2022-06-17 06:54:07', '2022-06-17 06:54:07', NULL),
(198, 'Uuu', NULL, '2022-06-17 06:56:52', '2022-06-17 06:56:52', NULL),
(199, '7uu', NULL, '2022-06-17 07:09:15', '2022-06-17 07:09:15', NULL),
(200, '7uu', NULL, '2022-06-17 07:15:06', '2022-06-17 07:15:06', NULL),
(201, 'U', NULL, '2022-06-17 07:17:34', '2022-06-17 07:17:35', 'Tt'),
(202, 'Next ', NULL, '2022-06-17 09:10:12', '2022-06-17 09:10:12', NULL),
(203, 'Bhrugu', NULL, '2022-06-17 09:12:39', '2022-06-17 09:12:39', NULL),
(204, 'Yyy', NULL, '2022-06-17 09:30:58', '2022-06-17 09:30:58', NULL),
(205, '5555', NULL, '2022-06-17 09:33:48', '2022-06-17 09:33:48', NULL),
(206, 'Y', NULL, '2022-06-17 10:09:09', '2022-06-17 10:09:09', 'Yy'),
(207, 'Bhavya', NULL, '2022-06-17 10:27:27', '2022-06-17 10:27:27', NULL),
(208, 'Ghu', NULL, '2022-06-17 10:28:42', '2022-06-17 10:28:42', NULL),
(209, 'Ghu', NULL, '2022-06-17 10:29:21', '2022-06-17 10:29:21', NULL),
(210, 'Tyy', NULL, '2022-06-17 10:30:07', '2022-06-17 10:34:51', 'Hhh'),
(211, 'Hello', NULL, '2022-06-17 13:19:43', '2022-06-17 13:19:43', NULL),
(212, 'Dr Dhoni', NULL, '2022-06-18 23:44:24', '2022-06-19 23:40:40', '123 New Address'),
(213, 'Dr Daam', NULL, '2022-06-19 23:35:04', '2022-06-19 23:35:04', NULL),
(214, 'Ram', NULL, '2022-06-20 00:37:30', '2022-06-20 00:38:18', 'item.doctor_address'),
(215, 'Dr David', NULL, '2022-06-20 02:08:55', '2022-06-20 02:08:55', '123 Add'),
(216, 'Hiral', NULL, '2022-06-20 04:08:55', '2022-06-20 04:08:55', NULL),
(217, 'Hiral', NULL, '2022-06-20 04:18:34', '2022-06-20 04:18:34', NULL),
(218, 'Dr. Pragnesh', NULL, '2022-06-20 04:38:19', '2022-06-20 04:38:19', NULL),
(219, 'Dr D', NULL, '2022-06-20 04:38:23', '2022-06-20 04:38:23', NULL);

-- --------------------------------------------------------

--
-- Table structure for table `help_support`
--

CREATE TABLE `help_support` (
  `id` int(11) NOT NULL,
  `name` varchar(255) DEFAULT NULL,
  `description` varchar(2000) DEFAULT NULL,
  `type` varchar(255) DEFAULT NULL,
  `created_at` datetime NOT NULL,
  `updated_at` datetime NOT NULL,
  `icon` varchar(255) DEFAULT NULL
) ENGINE=InnoDB DEFAULT CHARSET=utf8;

--
-- Dumping data for table `help_support`
--

INSERT INTO `help_support` (`id`, `name`, `description`, `type`, `created_at`, `updated_at`, `icon`) VALUES
(1, 'Help Center', '<html><head><meta name=\"viewport\" content=\"width=device-width, initial-scale=1.0\"></head><body><p>This is a static HTML Help & support page source!</p></body></html>', 'Support', '2022-04-20 11:16:06', '2022-04-20 11:16:06', 'https://live-sanjivani.s3.us-east-2.amazonaws.com/SubCategoryIcons/help.svg'),
(2, 'Contact US', '<html><head><meta name=\"viewport\" content=\"width=device-width, initial-scale=1.0\"></head><body><p>This is a static HTML Contact page!</p></body></html>', 'Support', '2022-04-20 11:16:06', '2022-04-20 11:16:06', 'https://live-sanjivani.s3.us-east-2.amazonaws.com/SubCategoryIcons/md-contacts.svg'),
(3, 'New Co Terms', '<html><head><meta name=\"viewport\" content=\"width=device-width, initial-scale=1.0\"></head><body><p>This is a static HTML New Co Terms page!</p></body></html>', 'Disclosures', '2022-04-20 11:16:06', '2022-04-20 11:16:06', 'https://live-sanjivani.s3.us-east-2.amazonaws.com/SubCategoryIcons/file.svg'),
(4, 'Privacy', '<html><head><meta name=\"viewport\" content=\"width=device-width, initial-scale=1.0\"></head><body><p>This is a static HTML Privacy page!</p></body></html>', 'Disclosures', '2022-04-20 11:16:06', '2022-04-20 11:16:06', 'https://live-sanjivani.s3.us-east-2.amazonaws.com/SubCategoryIcons/shield-fill-exclamation.svg'),
(5, 'Customer Relationship Summary', '<html><head><meta name=\"viewport\" content=\"width=device-width, initial-scale=1.0\"></head><body><p>This is a static HTML Customer Relationship Summary page!</p></body></html>', 'Disclosures', '2022-04-20 11:16:06', '2022-04-20 11:16:06', 'https://live-sanjivani.s3.us-east-2.amazonaws.com/SubCategoryIcons/Group+1855.svg'),
(6, 'Licenses', '<html><head><meta name=\"viewport\" content=\"width=device-width, initial-scale=1.0\"></head><body><p>This is a static HTML Licenses page!</p></body></html>', 'Disclosures', '2022-04-20 11:16:06', '2022-04-20 11:16:06', 'https://live-sanjivani.s3.us-east-2.amazonaws.com/SubCategoryIcons/license-line.svg');

-- --------------------------------------------------------

--
-- Table structure for table `language`
--

CREATE TABLE `language` (
  `id` int(11) NOT NULL,
  `tag` varchar(255) DEFAULT NULL,
  `name` varchar(255) DEFAULT NULL,
  `created_at` datetime NOT NULL,
  `updated_at` datetime NOT NULL
) ENGINE=InnoDB DEFAULT CHARSET=utf8;

-- --------------------------------------------------------

--
-- Table structure for table `medical_journal_note`
--

CREATE TABLE `medical_journal_note` (
  `id` int(11) NOT NULL,
  `created_at` datetime NOT NULL,
  `updated_at` datetime NOT NULL,
  `time` varchar(50) DEFAULT NULL,
  `description` varchar(800) DEFAULT NULL,
  `user_id` int(11) DEFAULT NULL,
  `image` varchar(300) DEFAULT NULL,
  `date` varchar(50) DEFAULT NULL
) ENGINE=InnoDB DEFAULT CHARSET=utf8;

--
-- Dumping data for table `medical_journal_note`
--

INSERT INTO `medical_journal_note` (`id`, `created_at`, `updated_at`, `time`, `description`, `user_id`, `image`, `date`) VALUES
(5, '2022-04-22 04:29:53', '2022-04-27 11:26:28', '14:14', 'Its medical journal note.', NULL, 'a.png', NULL),
(6, '2022-04-22 11:00:17', '2022-04-22 11:47:15', '17:17:00', 'Bbwffw', NULL, 'Screenshot%202022-04-14%20at%2012.21.48%20PM.png', NULL),
(7, '2022-04-27 11:16:58', '2022-04-27 11:16:58', '16:46', 'Ok', NULL, 'ebb03079-8c62-422d-8903-1eed0a06a2d9.jpg', NULL),
(8, '2022-06-02 09:38:04', '2022-06-02 10:05:23', '14:14', 'Its medical journal note.', 61, 'IMG_20220224_235225.jpg', NULL),
(9, '2022-06-15 09:53:56', '2022-06-15 09:53:56', '15:17', 'F7fifff8f t88f9d\n', 41, NULL, '15/06/2022'),
(10, '2022-06-15 09:54:00', '2022-06-15 09:54:00', '15:17', 'F7fifff8f t88f9d\n', 41, NULL, '15/06/2022'),
(11, '2022-06-15 09:54:00', '2022-06-15 09:54:00', '15:17', 'F7fifff8f t88f9d\n', 41, NULL, '15/06/2022'),
(12, '2022-06-15 09:54:01', '2022-06-15 09:54:01', '15:17', 'F7fifff8f t88f9d\n', 41, NULL, '15/06/2022'),
(13, '2022-06-15 09:54:02', '2022-06-15 09:54:02', '15:17', 'F7fifff8f t88f9d\n', 41, NULL, '15/06/2022'),
(14, '2022-06-15 09:54:02', '2022-06-15 09:54:02', '15:17', 'F7fifff8f t88f9d\n', 41, NULL, '15/06/2022'),
(15, '2022-06-15 09:54:02', '2022-06-15 09:54:02', '15:17', 'F7fifff8f t88f9d\n', 41, NULL, '15/06/2022'),
(16, '2022-06-15 09:54:02', '2022-06-15 09:54:02', '15:17', 'F7fifff8f t88f9d\n', 41, NULL, '15/06/2022'),
(17, '2022-06-15 09:54:02', '2022-06-15 09:54:02', '15:17', 'F7fifff8f t88f9d\n', 41, NULL, '15/06/2022'),
(18, '2022-06-15 09:54:03', '2022-06-15 09:54:03', '15:17', 'F7fifff8f t88f9d\n', 41, NULL, '15/06/2022'),
(19, '2022-06-15 09:54:03', '2022-06-15 09:54:03', '15:17', 'F7fifff8f t88f9d\n', 41, NULL, '15/06/2022'),
(20, '2022-06-15 09:54:03', '2022-06-15 09:54:03', '15:17', 'F7fifff8f t88f9d\n', 41, NULL, '15/06/2022'),
(21, '2022-06-15 09:54:04', '2022-06-15 09:54:04', '15:17', 'F7fifff8f t88f9d\n', 41, NULL, '15/06/2022'),
(22, '2022-06-15 09:54:55', '2022-06-15 09:54:55', '15:24', 'Hajahhshhhshhshhhs', 114, 'https://live-sanjivani.s3.us-east-2.amazonaws.com/medicalJournalNoteImages/46bc15dc-7524-4098-a5b1-cf6c34465dc1.jpg', '15/06/2022'),
(23, '2022-06-15 09:55:00', '2022-06-15 09:55:00', '15:17', 'F7fifff8f t88f9d\n', 41, NULL, '15/06/2022'),
(24, '2022-06-15 09:55:01', '2022-06-15 09:55:01', '15:17', 'F7fifff8f t88f9d\n', 41, NULL, '15/06/2022'),
(25, '2022-06-15 09:55:11', '2022-06-15 09:55:11', '15:24', 'Hshhshshs', 114, NULL, '15/06/2022'),
(26, '2022-06-15 09:55:12', '2022-06-15 09:55:12', '15:24', 'Hshhshshs', 114, NULL, '15/06/2022'),
(27, '2022-06-15 09:55:12', '2022-06-15 09:55:12', '15:24', 'Hshhshshs', 114, NULL, '15/06/2022'),
(28, '2022-06-15 09:55:14', '2022-06-15 09:55:14', '15:24', 'Hshhshshs', 114, NULL, '15/06/2022'),
(29, '2022-06-15 09:55:14', '2022-06-15 09:55:14', '15:24', 'Hshhshshs', 114, NULL, '15/06/2022'),
(30, '2022-06-15 09:55:14', '2022-06-15 09:55:14', '15:24', 'Hshhshshs', 114, NULL, '15/06/2022'),
(31, '2022-06-15 09:55:14', '2022-06-15 09:55:14', '15:24', 'Hshhshshs', 114, NULL, '15/06/2022'),
(32, '2022-06-15 09:55:17', '2022-06-15 09:55:17', '15:24', 'Hshhshshs', 114, NULL, '15/06/2022'),
(33, '2022-06-15 09:55:51', '2022-06-15 09:55:51', '15:24', 'Hshhshshs', 114, 'https://live-sanjivani.s3.us-east-2.amazonaws.com/medicalJournalNoteImages/56b9118f-ba36-476c-8bbe-9c8b2ca1618d.jpg', '15/06/2022'),
(34, '2022-06-15 09:57:41', '2022-06-15 09:57:41', '15:15', 'H7h7hb7b7b', 41, NULL, '15/06/2022'),
(35, '2022-06-15 09:57:44', '2022-06-15 09:57:44', '15:15', 'H7h7hb7b7b', 41, NULL, '15/06/2022'),
(36, '2022-06-15 09:57:44', '2022-06-15 09:57:44', '15:15', 'H7h7hb7b7b', 41, NULL, '15/06/2022'),
(37, '2022-06-15 09:57:46', '2022-06-15 09:57:46', '15:15', 'H7h7hb7b7b', 41, NULL, '15/06/2022'),
(38, '2022-06-15 09:58:15', '2022-06-15 09:58:15', '15:15', 'Ifififf', 41, NULL, '15/06/2022'),
(54, '2022-06-17 06:10:45', '2022-06-17 06:10:45', '11:51', 'Jhgfnjs', 128, 'https://live-sanjivani.s3.us-east-2.amazonaws.com/medicalJournalNoteImages/a15f8ebd-dc75-419e-a276-986239ed3251.jpg', '17/06/2022'),
(59, '2022-06-19 23:45:11', '2022-06-19 23:45:11', '18:28', 'New prescription added.', 127, NULL, '19/06/2022');

-- --------------------------------------------------------

--
-- Table structure for table `medicine_data`
--

CREATE TABLE `medicine_data` (
  `id` int(11) NOT NULL,
  `name` varchar(50) DEFAULT NULL,
  `created_at` datetime NOT NULL,
  `updated_at` datetime NOT NULL,
  `use` varchar(100) DEFAULT NULL,
  `benefits` varchar(200) DEFAULT NULL,
  `side_effects` varchar(200) DEFAULT NULL,
  `safety_advice` varchar(200) DEFAULT NULL
) ENGINE=InnoDB DEFAULT CHARSET=utf8;

--
-- Dumping data for table `medicine_data`
--

INSERT INTO `medicine_data` (`id`, `name`, `created_at`, `updated_at`, `use`, `benefits`, `side_effects`, `safety_advice`) VALUES
(1, 'Dolo', '2022-06-03 12:22:46', '2022-06-03 12:22:46', '1', 'for head ache', 'kidney failure', 'Driving'),
(2, 'Paracetamol', '2022-06-03 12:26:14', '2022-06-03 12:26:14', '2', 'fever', 'kidney failure', 'Driving'),
(3, 'glycomet', '2022-06-03 12:29:32', '2022-06-03 12:29:32', '3', 'fever', 'kidney failure 2', 'Driving'),
(4, 'Paracetamol unique', '2022-06-07 10:22:28', '2022-06-07 10:22:28', NULL, NULL, NULL, NULL),
(5, 'Itraconazole', '2022-06-07 10:35:43', '2022-06-07 10:35:43', NULL, NULL, NULL, NULL),
(6, 'Abcd', '2022-06-09 04:23:35', '2022-06-09 04:23:35', NULL, NULL, NULL, NULL),
(7, 'Dddddddd', '2022-06-09 04:48:15', '2022-06-09 04:48:15', NULL, NULL, NULL, NULL),
(8, 'Dddddddd22', '2022-06-09 04:50:43', '2022-06-09 04:50:43', NULL, NULL, NULL, NULL),
(9, 'Glycogen ', '2022-06-09 09:03:31', '2022-06-09 09:03:31', NULL, NULL, NULL, NULL),
(10, 'Yhhhhh', '2022-06-09 11:57:01', '2022-06-09 11:57:01', NULL, NULL, NULL, NULL),
(11, 'Jakaka', '2022-06-09 11:59:14', '2022-06-09 11:59:14', NULL, NULL, NULL, NULL),
(12, 'Kajaj', '2022-06-09 12:00:36', '2022-06-09 12:00:36', NULL, NULL, NULL, NULL),
(13, 'Ketan', '2022-06-09 12:08:13', '2022-06-09 12:08:13', NULL, NULL, NULL, NULL),
(14, 'Kkkk', '2022-06-10 05:55:49', '2022-06-10 05:55:49', NULL, NULL, NULL, NULL),
(15, 'MamJ', '2022-06-10 06:42:52', '2022-06-10 06:42:52', NULL, NULL, NULL, NULL),
(16, 'Maat', '2022-06-10 09:10:27', '2022-06-10 09:10:27', NULL, NULL, NULL, NULL),
(17, 'Name', '2022-06-13 12:48:34', '2022-06-13 12:48:34', NULL, NULL, NULL, NULL),
(18, 'Apdse j', '2022-06-13 13:00:21', '2022-06-13 13:00:21', NULL, NULL, NULL, NULL),
(19, 'Naa', '2022-06-13 13:04:43', '2022-06-13 13:04:43', NULL, NULL, NULL, NULL),
(20, 'User1', '2022-06-15 06:00:51', '2022-06-15 06:00:51', NULL, NULL, NULL, NULL),
(21, 'Mast', '2022-06-15 06:59:05', '2022-06-15 06:59:05', NULL, NULL, NULL, NULL),
(22, 'Reminder', '2022-06-15 07:32:34', '2022-06-15 07:32:34', NULL, NULL, NULL, NULL),
(23, 'Remember ', '2022-06-17 04:46:23', '2022-06-17 04:46:23', NULL, NULL, NULL, NULL),
(24, 'Remember 1', '2022-06-17 04:49:31', '2022-06-17 04:49:31', NULL, NULL, NULL, NULL),
(25, 'Jdjfj', '2022-06-17 05:46:07', '2022-06-17 05:46:07', NULL, NULL, NULL, NULL),
(26, 'Hh', '2022-06-17 06:19:00', '2022-06-17 06:19:00', NULL, NULL, NULL, NULL),
(27, 'Yyu', '2022-06-17 06:53:24', '2022-06-17 06:53:24', NULL, NULL, NULL, NULL),
(28, 'Uuu', '2022-06-17 06:54:07', '2022-06-17 06:54:07', NULL, NULL, NULL, NULL),
(29, 'Next', '2022-06-17 09:10:12', '2022-06-17 09:10:12', NULL, NULL, NULL, NULL),
(30, 'Bhrugu', '2022-06-17 09:12:39', '2022-06-17 09:12:39', NULL, NULL, NULL, NULL),
(31, 'Hyyy', '2022-06-17 09:30:58', '2022-06-17 09:30:58', NULL, NULL, NULL, NULL),
(32, '555', '2022-06-17 09:33:48', '2022-06-17 09:33:48', NULL, NULL, NULL, NULL),
(33, 'Tgy', '2022-06-17 10:28:42', '2022-06-17 10:28:42', NULL, NULL, NULL, NULL),
(34, 'Yy7u', '2022-06-17 10:29:21', '2022-06-17 10:29:21', NULL, NULL, NULL, NULL),
(35, 'Uhg', '2022-06-17 10:30:07', '2022-06-17 10:30:07', NULL, NULL, NULL, NULL),
(36, 'Hello', '2022-06-17 13:19:43', '2022-06-17 13:19:43', NULL, NULL, NULL, NULL);

-- --------------------------------------------------------

--
-- Table structure for table `medicine_form`
--

CREATE TABLE `medicine_form` (
  `id` int(11) NOT NULL,
  `name` varchar(50) DEFAULT NULL,
  `created_at` datetime NOT NULL,
  `updated_at` datetime NOT NULL
) ENGINE=InnoDB DEFAULT CHARSET=utf8;

--
-- Dumping data for table `medicine_form`
--

INSERT INTO `medicine_form` (`id`, `name`, `created_at`, `updated_at`) VALUES
(1, 'Tablet', '2022-04-18 08:56:02', '2022-04-18 08:56:02'),
(2, 'Drop', '2022-04-18 08:56:02', '2022-04-18 08:56:02'),
(3, 'Pill', '2022-04-18 08:56:02', '2022-04-18 08:56:02'),
(4, 'Inhaler', '2022-04-18 08:56:02', '2022-04-18 08:56:02');

-- --------------------------------------------------------

--
-- Table structure for table `medicine_reminder`
--

CREATE TABLE `medicine_reminder` (
  `id` int(11) NOT NULL,
  `medicine_name` varchar(100) DEFAULT NULL,
  `medicine_image` varchar(200) DEFAULT NULL,
  `medicine_form` varchar(50) DEFAULT NULL,
  `dose` int(11) DEFAULT NULL,
  `medicine_strength` varchar(50) DEFAULT NULL,
  `medicine_strength_unit` varchar(50) DEFAULT NULL,
  `reminder_frequency` varchar(50) DEFAULT NULL,
  `frequency_value` varchar(50) DEFAULT NULL,
  `reminder_time` varchar(50) DEFAULT NULL,
  `user_selected_time` varchar(50) DEFAULT NULL,
  `pills_remaining` int(11) DEFAULT NULL,
  `status` tinyint(1) DEFAULT NULL,
  `created_at` datetime NOT NULL,
  `updated_at` datetime NOT NULL,
  `user_id` int(11) DEFAULT NULL,
  `doctor_id` int(11) DEFAULT NULL,
  `medicine_id` int(11) DEFAULT NULL,
  `reminder_name` varchar(100) DEFAULT NULL,
  `is_done` varchar(50) DEFAULT NULL,
  `reminder_status` varchar(50) DEFAULT NULL
) ENGINE=InnoDB DEFAULT CHARSET=utf8;

--
-- Dumping data for table `medicine_reminder`
--

INSERT INTO `medicine_reminder` (`id`, `medicine_name`, `medicine_image`, `medicine_form`, `dose`, `medicine_strength`, `medicine_strength_unit`, `reminder_frequency`, `frequency_value`, `reminder_time`, `user_selected_time`, `pills_remaining`, `status`, `created_at`, `updated_at`, `user_id`, `doctor_id`, `medicine_id`, `reminder_name`, `is_done`, `reminder_status`) VALUES
(1, 'Paracetamol', '1650446981197_banner-V8ImTzBNnP.png', 'Pills', 3, '5', 'MG', 'EveryDay', '', 'After Meal', '18:00:00', 1, 1, '2022-04-20 09:29:42', '2022-04-20 09:29:42', NULL, 2, NULL, NULL, NULL, NULL),
(2, 'Paracetamol', '1650453860803_banner-V8ImTzBNnP.png', 'Pills', 3, '6', 'MG', 'EveryDay', '', 'After Meal', '18:00:00', 3, 1, '2022-04-20 11:24:22', '2022-04-20 11:28:48', NULL, 1, NULL, NULL, NULL, NULL),
(3, 'Paracetamol', '1650453943469_banner-V8ImTzBNnP.png', 'Pills', 3, '6', 'MG', 'EveryDay', '', 'After Meal', '18:00:00', 3, 0, '2022-04-20 11:25:44', '2022-06-08 10:21:22', NULL, 3, NULL, NULL, NULL, NULL),
(4, 'Paracetamol', '1650871540613_note.png', 'Pills', 4, '6', 'MG', 'EveryDay', '', 'After Meal', '18:00', 3, 1, '2022-04-25 07:25:41', '2022-04-25 07:25:41', NULL, 3, NULL, NULL, NULL, NULL),
(5, 'Paracetamol', '1650872634986_note.png', 'Pills', 4, '6', 'MG', 'EveryDay', '', 'After Meal', '18:00', 3, 1, '2022-04-25 07:43:56', '2022-04-25 07:43:56', NULL, 3, NULL, NULL, NULL, NULL),
(6, 'Ok', '1650873417611_dffb1655-1b52-475b-a4f7-9282d4f2155b.jpg', 'pill', 1, '1', 'mcg', 'Fixed date', '2022-4-18', 'Before Meal', '20:21', 0, 1, '2022-04-25 07:57:00', '2022-04-25 09:00:22', NULL, 1, NULL, NULL, NULL, NULL),
(7, 'Para', '1651052393639_beca9943-bb30-4649-971f-cc883a620f89.jpg', 'Drops', 2, '11', 'MG', 'Fixed Date', '2022-4-21', 'Before breakfast', '13:39', 56, 0, '2022-04-27 09:40:01', '2022-06-09 12:35:33', 37, 6, NULL, NULL, NULL, NULL),
(8, 'Paracetamol', '1651056801025_banner-V8ImTzBNnP.png', 'Pills', 4, '6', 'MG', 'EveryDay', '', 'After Meal', '18:00', 3, 1, '2022-04-27 10:53:22', '2022-04-27 10:53:22', NULL, 3, NULL, NULL, NULL, NULL),
(13, 'Paracetamol', '1654083610462_bg.jpg', 'Pills', 4, '6', 'MG', 'EveryDay', '', 'After Meal', '18:00', 3, 1, '2022-06-01 11:40:14', '2022-06-01 11:40:14', 57, 2, NULL, NULL, NULL, NULL),
(14, 'Paracetamol', '1654083791642_bg.jpg', 'Pills', 4, '6', 'MG', 'EveryDay', '', 'After Meal', '18:00', 3, 1, '2022-06-01 11:43:13', '2022-06-01 11:43:13', 37, 2, NULL, NULL, NULL, NULL),
(15, 'Paracetamol', '1654084523758_false.png', 'Pills', 4, '6', 'MG', 'EveryDay', '', 'After Meal', '18:00', 3, 1, '2022-06-01 11:55:25', '2022-06-01 11:55:25', 37, 3, NULL, NULL, NULL, NULL),
(16, 'Paracetamol', '1654086050420_false.png', 'Pills', 4, '6', 'MG', 'EveryDay', '', 'After Meal', '18:00', 3, 1, '2022-06-01 12:20:52', '2022-06-01 12:20:52', 37, 3, NULL, NULL, NULL, NULL),
(17, 'Paracetamol', '1654086338024_false.png', 'Pills', 4, '6', 'MG', 'EveryDay', '', 'After Meal', '18:00', 3, 1, '2022-06-01 12:25:40', '2022-06-01 12:25:40', 37, 3, NULL, NULL, NULL, NULL),
(18, 'Paracetamol', '1654088495226_false.png', 'Pills', 4, '6', 'MG', 'EveryDay', '', 'After Meal', '18:00', 3, 1, '2022-06-01 13:01:37', '2022-06-01 13:01:37', 37, 3, NULL, NULL, NULL, NULL),
(19, 'Paracetamol', '1654088507163_false.png', 'Pills', 4, '6', 'MG', 'EveryDay', '1-06-2022', 'After Meal', '18:00', 3, 1, '2022-06-01 13:01:49', '2022-06-01 13:01:49', 37, 3, NULL, NULL, NULL, NULL),
(20, 'Paracetamol', '1654088787416_false.png', 'Pills', 4, '6', 'MG', 'EveryDay', '1-06-2022', 'After Meal', '18:00', 3, 1, '2022-06-01 13:06:29', '2022-06-01 13:06:29', 37, 3, NULL, NULL, NULL, NULL),
(21, 'Paracetamol', '1654088796930_bg.jpg', 'Pills', 4, '6', 'MG', 'EveryDay', '', 'After Meal', '18:00', 3, 1, '2022-06-01 13:06:38', '2022-06-01 13:06:38', 37, 2, NULL, NULL, NULL, NULL),
(22, 'Paracetamol', '1654089541821_3CA18909-60A3-48AD-8A57-F54836D3FB65.jpg', 'Pills', 4, '6', 'MG', 'EveryDay', '1-06-2022', 'After Meal', '18:00', 3, 1, '2022-06-01 13:19:08', '2022-06-01 13:19:08', 37, 3, NULL, NULL, NULL, NULL),
(23, 'DOLO', '1654089694744_553267A3-C57A-476A-8C5F-4785D90E1038.jpg', 'Drops', 1, '650', 'mcg', 'EveryDay', 'Select a Date', 'After breakfast', '18:50 PM', 50, 1, '2022-06-01 13:21:41', '2022-06-01 13:21:41', 37, 11, NULL, NULL, NULL, NULL),
(24, 'Dolo', '1654176691707_ImgDemo.png', 'Pills', 25, '6', 'MG', 'Fixed Date', '2022-6-2', 'After Meal', '18:00 PM', 3, 1, '2022-06-02 13:31:38', '2022-06-02 13:31:38', 37, 3, NULL, NULL, NULL, NULL),
(26, 'Paracetamol', '1654252569141_340.jpg', 'Pills', 4, '6', 'MG', 'EveryDay', '', 'After Meal', '18:00', 3, 1, '2022-06-03 10:36:11', '2022-06-03 10:36:11', 49, 3, NULL, NULL, NULL, NULL),
(27, 'Paracetamol', '1654255201595_340.jpg', 'Pills', 4, '', '', 'EveryDay', '', 'After Meal', '18:00', NULL, 1, '2022-06-03 11:20:03', '2022-06-03 11:20:03', 49, 3, NULL, NULL, NULL, NULL),
(28, 'Paracetamol', '1654255244316_340.jpg', 'Pills', 4, '', '', 'EveryDay', '', 'After Meal', '18:00', NULL, 1, '2022-06-03 11:20:46', '2022-06-03 11:20:46', 49, 3, NULL, NULL, NULL, NULL),
(29, 'Paracetamol', '1654255250925_340.jpg', 'Pills', 4, '', '', 'EveryDay', '', 'After Meal', '18:00', 1, 1, '2022-06-03 11:20:52', '2022-06-03 11:20:52', 49, 3, NULL, NULL, NULL, NULL),
(30, 'Dolo', '1654255590474_ImgDemo.png', 'drops', 25, '', '', 'Fixed Date', '2022-06-02', 'After Meal', '18:00 PM', NULL, 1, '2022-06-03 11:26:37', '2022-06-03 11:26:37', 37, 3, NULL, NULL, NULL, NULL),
(31, 'Dolo', '1654255610060_ImgDemo.png', 'drops', 25, '', '', 'Fixed Date', '2022-6-2', 'After Meal', '18:00 PM', NULL, 1, '2022-06-03 11:26:56', '2022-06-03 11:26:56', 37, 14, NULL, NULL, NULL, NULL),
(32, 'glycomet', '1654255699829_ImgDemo.png', 'drops', 25, '', '', 'Fixed Date', '2022-6-2', 'After Meal', '18:00 PM', NULL, 1, '2022-06-03 11:28:26', '2022-06-03 11:28:26', 37, 14, NULL, NULL, NULL, NULL),
(35, NULL, '1654258966821_340.jpg', 'Pills', 4, '', '', 'EveryDay', '', 'After Meal', '18:00', 1, 1, '2022-06-03 12:22:48', '2022-06-03 12:22:48', 49, 18, 1, NULL, NULL, NULL),
(36, NULL, '1654259174631_340.jpg', 'Pills', 4, '', '', 'EveryDay', '', 'After Meal', '18:00', 1, 1, '2022-06-03 12:26:16', '2022-06-03 12:26:16', 49, 19, 2, NULL, NULL, NULL),
(37, NULL, '1654259372609_ImgDemo.png', 'drops', 25, '', '', 'Fixed Date', '2022-06-10', 'After Meal', '18:00 PM', NULL, 1, '2022-06-03 12:29:39', '2022-06-08 11:58:00', 37, 20, 3, NULL, NULL, NULL),
(38, NULL, '1654259404784_ImgDemo.png', 'drops', 25, '', '', 'Fixed Date', '2022-6-2', 'After Meal', '18:00 PM', NULL, 1, '2022-06-03 12:30:11', '2022-06-03 12:30:11', 37, 21, 1, NULL, NULL, NULL),
(41, NULL, '1654596991730_5CCD905D-DA16-4DEF-92D2-CEA7AFA0CFE3.jpg', 'Drop', 5, '', '', 'Fixed Date', '2022-6-7', 'After breakfast', '15:44 PM', NULL, 1, '2022-06-07 10:16:36', '2022-06-07 10:16:36', 37, 27, 3, NULL, NULL, NULL),
(43, NULL, '1654597382643_340.jpg', 'Pills', 4, '6', 'MG', 'EveryDay', '', 'After Meal', '14:07:00', 3, 1, '2022-06-07 10:23:04', '2022-06-08 12:06:39', 37, 30, 4, NULL, NULL, NULL),
(44, NULL, '1654597406772_340.jpg', 'Pills', 4, '6', 'MG', 'EveryDay', '', 'After Meal', '18:00', 3, 1, '2022-06-07 10:23:28', '2022-06-07 10:23:28', 49, 31, 4, NULL, NULL, NULL),
(45, '4', '1654597882575_340.jpg', 'Pills', 4, '6', 'MG', 'EveryDay', '', 'After Meal', '18:00', 3, 1, '2022-06-07 10:31:24', '2022-06-07 10:31:24', 49, 32, 4, NULL, NULL, NULL),
(46, 'Paracetamol unique', '1654597916629_340.jpg', 'Pills', 4, '6', 'MG', 'EveryDay', '', 'After Meal', '18:00', 3, 1, '2022-06-07 10:31:58', '2022-06-07 10:31:58', 49, 33, 4, NULL, NULL, NULL),
(47, 'Itraconazole', '1654598175503_62FABD52-07A5-48FE-AED1-97DBD50297DC.jpg', 'Drop', 2, '', '', 'Fixed date', '2022-6-7', 'After breakfast', '15:44 PM', NULL, 1, '2022-06-07 10:36:20', '2022-06-07 10:36:20', 37, 35, 5, NULL, NULL, NULL),
(48, 'Dolo', '1654599288650_62FABD52-07A5-48FE-AED1-97DBD50297DC.jpg', 'Drop', 2, '', '', 'Fixed date', '2022-6-7', 'After breakfast', '15:44 PM', NULL, 1, '2022-06-07 10:54:52', '2022-06-07 10:54:52', 37, 36, 1, NULL, NULL, NULL),
(49, 'Dolo', '1654600704056_9440728A-7F08-4848-9BC2-F2899789B2C4.jpg', 'Drop', 2, '', '', 'EveryDay', 'Select a Date', 'Before breakfast', '14:32:00', NULL, 1, '2022-06-07 11:18:26', '2022-06-16 09:07:34', 37, 37, 1, 'heartt', '1', 'cancel'),
(50, 'Paracetamol', '1654603450576_340.jpg', 'Pills', 4, '', '', 'EveryDay', '', 'After Meal', '18:00', 1, 1, '2022-06-07 12:04:12', '2022-06-07 12:04:12', 49, 39, 2, NULL, NULL, NULL),
(51, 'Paracetamol', '1654670081745_340.jpg', 'Pills', 4, '', '', 'EveryDay', '', 'After Meal', '12:05', 1, 1, '2022-06-08 06:34:43', '2022-06-08 06:34:43', 49, 40, 2, NULL, NULL, NULL),
(52, 'Dolo', '1654673929522_4907552B-A6CE-48D3-96E2-563E9B2C8357.jpg', 'Tablet', 2, '45', 'mcg', 'EveryDay', 'Select a Date', 'Before Meal', '14:40:00', 50, 1, '2022-06-08 07:38:54', '2022-06-08 07:38:54', 37, 41, 1, 'Heart', NULL, NULL),
(53, 'Dolo', '1654673963862_4907552B-A6CE-48D3-96E2-563E9B2C8357.jpg', 'Tablet', 2, '45', 'mcg', 'EveryDay', 'Select a Date', 'Before Meal', '13:57', 50, 1, '2022-06-08 07:39:28', '2022-06-08 07:39:28', 37, 42, 1, 'Heart', NULL, NULL),
(54, 'glycomet', '1654681211864_3fe5d29e-b1c3-4f45-9f3a-0292930194b0.jpg', 'Tablet', 1, '55', 'mcg', 'Everyday', 'Select a Date', 'Before breakfast', '15:08 PM', 50, 0, '2022-06-08 09:40:18', '2022-06-08 12:06:34', 37, 47, 3, 'Blood pressure ', NULL, NULL),
(55, 'glycomet', '1654681418266_3fe5d29e-b1c3-4f45-9f3a-0292930194b0.jpg', 'Tablet', 1, '55', 'mcg', 'Alternate Day', '2022-06-08', 'Before breakfast', '17:45:00', 50, 1, '2022-06-08 09:43:42', '2022-06-08 12:13:00', 37, 48, 3, 'Blood pressure ', NULL, NULL),
(56, 'Dolo', '1654689165997_f414662f-50c0-46ba-8e45-f1f5d4a77b29.jpg', 'Drop', 1, '', '', 'EveryDay', '2022-06-08', 'Before breakfast', '17:26:00', NULL, 1, '2022-06-08 11:52:51', '2022-06-09 11:56:35', 37, 49, 1, 'Heart beat', '1', 'snooze'),
(57, 'Dolo', '1654693509592_9c633ce3-6b58-4aee-b421-1df389d0aec9.jpg', 'Pill', 2, '30', 'mcg', 'EveryDay', '2022-06-08', 'Before breakfast', '19:02:00', 10, 1, '2022-06-08 13:05:15', '2022-06-08 13:05:15', 63, 52, 1, 'Hiral', '0', NULL),
(58, 'Dolo', '1654693689619_fff09907-800d-44fc-93f7-88f927a13985.jpg', 'Tablet', 2, '12', 'mcg', 'Fixed Date', '2022-06-08', 'After breakfast', '19:02:00', 200, 0, '2022-06-08 13:08:14', '2022-06-10 07:02:37', 41, 57, 1, 'For test', '0', NULL),
(59, 'Abcd', '1654748615718_aa66083b-fa60-4f85-88c0-23308b2cb18c.jpg', 'Tablet', 2, '120', 'mcg', 'EveryDay', '2022-06-10', 'After breakfast', '07:52:00', 11, 1, '2022-06-09 04:23:39', '2022-06-09 04:23:39', 37, 58, 6, 'Demo', '0', NULL),
(60, 'Dddddddd', '1654750095824_23946DED-288F-419A-87EB-EE5224C33D1B.jpg', 'Pill', 3, '122', 'mcg', 'Alternate Day', 'Select a Date', 'Before Meal', '11:17:00', 11, 1, '2022-06-09 04:48:18', '2022-06-09 04:48:18', NULL, 59, 7, 'Aaa111', '0', NULL),
(61, 'Dddddddd22', '1654750243691_23946DED-288F-419A-87EB-EE5224C33D1B.jpg', 'Pill', 3, '122', 'mcg', 'Alternate Day', '2023-07-09', 'Before Meal', '11:17:00', 11, 1, '2022-06-09 04:50:48', '2022-06-09 04:50:48', NULL, 60, 8, 'Aaa111', '0', NULL),
(62, 'Dolo', '1654756536120_46c50d76-6c71-4deb-b109-873fa5c0807b.jpg', 'Tablet', 3, '300', 'MG', 'EveryDay', '2022-06-09', 'After breakfast', '12:18:00', 10, 1, '2022-06-09 06:35:38', '2022-06-09 06:51:42', 49, 78, 1, 'Fiver', '0', NULL),
(63, 'Dolo', '1654757301027_64bf296b-3769-48f0-9cc6-1e6fcd97b512.jpg', 'Drop', 2, '', '', 'Fixed Date', '2022-06-09', 'Before breakfast', '12:26:00', NULL, 1, '2022-06-09 06:48:25', '2022-06-09 06:57:44', 37, 79, 1, 'Heart', '1', 'snooze'),
(64, 'Dolo', '1654760160007_9040255D-7BCB-4542-B870-9531D8813FB7.jpg', 'Drop', 2, '', '', 'EveryDay', '2022-06-09', 'Before breakfast', '13:07:00', NULL, 1, '2022-06-09 07:36:02', '2022-06-09 07:37:34', 37, 82, 1, 'iOS notifications ', '1', 'take'),
(65, 'Glycogen ', '1654765411303_10684e22-e664-46c7-890e-9fd4bc968436.jpg', 'Tablet', 2, '150', 'g', 'Fixed Date', '2022-06-09', 'Before Meal', '14:35:00', 10, 1, '2022-06-09 09:03:36', '2022-06-09 11:17:19', 49, 83, 9, 'Cough ', '1', 'cancel'),
(66, 'Dolo', '1654768064545_88B43775-F47C-47CD-9EF7-EBC90C72D476.jpg', 'Drop', 2, '', '', 'EveryDay', '2022-10-09', 'Before breakfast', '15:18:00', NULL, 1, '2022-06-09 09:47:47', '2022-06-09 09:47:47', 37, 85, 1, 'Heart Beayt', '0', NULL),
(67, 'Dolo', '1654769461210_3B8C9648-F6A6-44B1-A921-5ADDFEE64973.jpg', 'Drop', 2, '', '', 'Fixed Date', '2022-06-09', 'Before breakfast', '16:21:00', NULL, 1, '2022-06-09 10:11:07', '2022-06-09 10:11:07', 37, 86, 1, 'Dolo', '0', NULL),
(68, 'Dolo', '1654773601333_74EA85C9-D784-4508-AA78-17B6F0BA61D4.jpg', 'Drop', 5, '', '', 'EveryDay', 'Select a Date', 'After breakfast', '16:52:00', NULL, 1, '2022-06-09 11:20:04', '2022-06-09 11:22:13', 37, 87, 1, 'iPhone notification ', '1', 'take'),
(69, 'Jakaka', '1654775954343_e572bb4d-340f-4a91-a41d-654b828c538f.jpg', 'Tablet', 2, '55', 'mcg', 'EveryDay', 'Select a Date', 'After breakfast', '21:45:00', 55, 1, '2022-06-09 11:59:19', '2022-06-19 16:15:32', 65, 110, 11, 'Ketan', '1', 'take'),
(70, 'Ketan', NULL, 'Pill', 2, '150', 'mcg', 'EveryDay', 'Select a Date', 'After breakfast', '17:45:55', 10, 1, '2022-06-09 12:08:13', '2022-06-19 12:16:04', 65, 112, 13, 'Ketan', '1', 'take'),
(71, 'Ketan', NULL, 'Pill', 2, '150', 'mcg', 'EveryDay', 'Select a Date', 'After breakfast', '17:40:00', 10, 0, '2022-06-09 12:08:18', '2022-06-09 12:46:13', 65, 113, 13, 'Ketan', '0', NULL),
(72, 'Ketan', NULL, 'Pill', 2, '150', 'mcg', 'EveryDay', 'Select a Date', 'After breakfast', '17:40:00', 10, 0, '2022-06-09 12:08:21', '2022-06-09 12:46:15', 65, 114, 13, 'Ketan', '0', NULL),
(73, 'Ketan', NULL, 'Pill', 2, '150', 'mcg', 'EveryDay', 'Select a Date', 'After breakfast', '17:40:00', 10, 0, '2022-06-09 12:08:22', '2022-06-09 12:46:06', 65, 115, 13, 'Ketan', '0', NULL),
(74, 'Ketan', NULL, 'Pill', 2, '150', 'mcg', 'EveryDay', 'Select a Date', 'After breakfast', '17:40:00', 10, 0, '2022-06-09 12:08:22', '2022-06-09 12:46:40', 65, 116, 13, 'Ketan', '1', 'cancel'),
(75, 'Ketan', NULL, 'Pill', 2, '150', 'mcg', 'EveryDay', 'Select a Date', 'After breakfast', '17:40:00', 10, 1, '2022-06-09 12:08:22', '2022-06-19 12:12:21', 65, 117, 13, 'Ketan', '1', 'take'),
(76, 'Ketan', NULL, 'Pill', 2, '150', 'mcg', 'EveryDay', 'Select a Date', 'After breakfast', '17:40:00', 10, 0, '2022-06-09 12:08:23', '2022-06-09 12:13:31', 65, 118, 13, 'Ketan', '0', NULL),
(77, 'Ketan', NULL, 'Pill', 2, '150', 'mcg', 'EveryDay', 'Select a Date', 'After breakfast', '17:40:00', 10, 0, '2022-06-09 12:09:40', '2022-06-09 12:46:09', 65, 119, 13, 'Ketan', '0', NULL),
(78, 'Ketan', NULL, 'Pill', 2, '150', 'mcg', 'EveryDay', 'Select a Date', 'After breakfast', '17:40:00', 10, 0, '2022-06-09 12:09:41', '2022-06-09 12:46:20', 65, 120, 13, 'Ketan', '0', NULL),
(79, 'Ketan', NULL, 'Pill', 2, '150', 'mcg', 'EveryDay', 'Select a Date', 'After breakfast', '17:40:00', 10, 0, '2022-06-09 12:09:55', '2022-06-09 12:13:54', 65, 121, 13, 'Ketan', '0', NULL),
(80, 'Ketan', NULL, 'Pill', 2, '150', 'mcg', 'EveryDay', 'Select a Date', 'After breakfast', '17:40:00', 10, 0, '2022-06-09 12:10:13', '2022-06-09 12:13:55', 65, 122, 13, 'Ketan', '0', NULL),
(81, 'Ketan', NULL, 'Pill', 2, '150', 'mcg', 'EveryDay', 'Select a Date', 'After breakfast', '17:40:00', 10, 0, '2022-06-09 12:10:14', '2022-06-09 12:14:05', 65, 123, 13, 'Ketan', '0', NULL),
(82, 'Ketan', NULL, 'Pill', 2, '150', 'mcg', 'EveryDay', 'Select a Date', 'After breakfast', '17:40:00', 10, 0, '2022-06-09 12:10:14', '2022-06-09 12:14:08', 65, 124, 13, 'Ketan', '0', NULL),
(83, 'Ketan', NULL, 'Pill', 2, '150', 'mcg', 'EveryDay', 'Select a Date', 'After breakfast', '17:40:00', 10, 0, '2022-06-09 12:10:15', '2022-06-09 12:14:30', 65, 125, 13, 'Ketan', '0', NULL),
(84, 'Ketan', NULL, 'Pill', 2, '150', 'mcg', 'EveryDay', 'Select a Date', 'After breakfast', '17:40:00', 10, 0, '2022-06-09 12:10:15', '2022-06-09 12:14:37', 65, 126, 13, 'Ketan', '0', NULL),
(85, 'Ketan', NULL, 'Pill', 2, '150', 'mcg', 'EveryDay', 'Select a Date', 'After breakfast', '17:40:00', 10, 0, '2022-06-09 12:10:16', '2022-06-09 12:13:59', 65, 127, 13, 'Ketan', '0', NULL),
(86, 'Ketan', NULL, 'Pill', 2, '150', 'mcg', 'EveryDay', 'Select a Date', 'After breakfast', '17:40:00', 10, 0, '2022-06-09 12:10:56', '2022-06-09 12:14:02', 65, 128, 13, 'Ketan', '0', NULL),
(87, 'Ketan', NULL, 'Pill', 2, '150', 'mcg', 'EveryDay', 'Select a Date', 'After breakfast', '17:40:00', 10, 0, '2022-06-09 12:10:57', '2022-06-09 12:14:01', 65, 129, 13, 'Ketan', '0', NULL),
(88, 'Ketan', NULL, 'Pill', 2, '150', 'mcg', 'EveryDay', 'Select a Date', 'After breakfast', '17:40:00', 10, 0, '2022-06-09 12:10:57', '2022-06-09 12:14:15', 65, 130, 13, 'Ketan', '0', NULL),
(89, 'Ketan', NULL, 'Pill', 2, '150', 'mcg', 'EveryDay', 'Select a Date', 'After breakfast', '17:40:00', 10, 0, '2022-06-09 12:10:57', '2022-06-09 12:14:23', 65, 131, 13, 'Ketan', '0', NULL),
(90, 'Ketan', NULL, 'Pill', 2, '150', 'mcg', 'EveryDay', 'Select a Date', 'After breakfast', '17:40:00', 10, 0, '2022-06-09 12:10:58', '2022-06-09 12:14:50', 65, 132, 13, 'Ketan', '0', NULL),
(91, 'Ketan', NULL, 'Pill', 2, '150', 'mcg', 'EveryDay', 'Select a Date', 'After breakfast', '17:40:00', 10, 0, '2022-06-09 12:10:58', '2022-06-09 12:14:53', 65, 133, 13, 'Ketan', '0', NULL),
(92, 'Ketan', NULL, 'Pill', 2, '150', 'mcg', 'EveryDay', 'Select a Date', 'After breakfast', '17:40:00', 10, 0, '2022-06-09 12:10:58', '2022-06-09 12:14:56', 65, 134, 13, 'Ketan', '0', NULL),
(93, 'Ketan', NULL, 'Pill', 2, '150', 'mcg', 'EveryDay', 'Select a Date', 'After breakfast', '17:40:00', 10, 0, '2022-06-09 12:10:59', '2022-06-09 12:15:03', 65, 135, 13, 'Ketan', '0', NULL),
(94, 'Ketan', NULL, 'Pill', 2, '150', 'mcg', 'EveryDay', 'Select a Date', 'After breakfast', '17:40:00', 10, 0, '2022-06-09 12:10:59', '2022-06-09 12:15:05', 65, 136, 13, 'Ketan', '0', NULL),
(95, 'Ketan', NULL, 'Pill', 2, '150', 'mcg', 'EveryDay', 'Select a Date', 'After breakfast', '17:40:00', 10, 0, '2022-06-09 12:10:59', '2022-06-09 12:15:13', 65, 137, 13, 'Ketan', '0', NULL),
(96, 'Ketan', NULL, 'Pill', 2, '150', 'mcg', 'EveryDay', 'Select a Date', 'After breakfast', '17:40:00', 10, 0, '2022-06-09 12:11:00', '2022-06-09 12:15:08', 65, 138, 13, 'Ketan', '0', NULL),
(97, 'Ketan', NULL, 'Pill', 2, '150', 'mcg', 'EveryDay', 'Select a Date', 'After breakfast', '17:40:00', 10, 0, '2022-06-09 12:11:00', '2022-06-09 12:15:17', 65, 139, 13, 'Ketan', '0', NULL),
(98, 'Ketan', NULL, 'Pill', 2, '150', 'mcg', 'EveryDay', 'Select a Date', 'After breakfast', '17:40:00', 10, 0, '2022-06-09 12:11:00', '2022-06-09 12:15:22', 65, 140, 13, 'Ketan', '0', NULL),
(99, 'Ketan', NULL, 'Pill', 2, '150', 'mcg', 'EveryDay', 'Select a Date', 'After breakfast', '17:40:00', 10, 0, '2022-06-09 12:11:01', '2022-06-09 12:15:31', 65, 141, 13, 'Ketan', '0', NULL),
(100, 'Ketan', NULL, 'Pill', 2, '150', 'mcg', 'EveryDay', 'Select a Date', 'After breakfast', '17:40:00', 10, 0, '2022-06-09 12:11:06', '2022-06-09 12:15:24', 65, 142, 13, 'Ketan', '0', NULL),
(101, 'Ketan', NULL, 'Pill', 2, '150', 'mcg', 'EveryDay', 'Select a Date', 'After breakfast', '17:40:00', 10, 0, '2022-06-09 12:11:06', '2022-06-09 12:15:29', 65, 143, 13, 'Ketan', '0', NULL),
(102, 'Ketan', NULL, 'Pill', 2, '150', 'mcg', 'EveryDay', 'Select a Date', 'After breakfast', '17:40:00', 10, 0, '2022-06-09 12:11:09', '2022-06-09 12:15:27', 65, 144, 13, 'Ketan', '0', NULL),
(103, 'Dolo', NULL, 'Drop', 5, '', '', 'EveryDay', 'Select a Date', 'After breakfast', '17:48:00', NULL, 1, '2022-06-09 12:17:13', '2022-06-09 12:18:06', 37, 145, 1, 'Test', '1', 'cancel'),
(104, 'Dolo', NULL, 'Drop', 2, '', '', 'Alternate Day', '2022-06-11', 'After breakfast', '17:55:00', NULL, 1, '2022-06-09 12:22:21', '2022-06-09 12:25:45', 37, 146, 1, 'Dolo', '1', 'cancel'),
(105, 'Dolo', NULL, 'drops', 5, '', '', 'EveryDay', '', 'After Meal', '18:00:00', 50, 1, '2022-06-09 12:27:27', '2022-06-09 12:30:04', 37, 147, 1, NULL, '1', 'cancel'),
(106, 'Dolo', '1654777664069_ImgDemo.png', 'drops', 5, '', '', 'EveryDay', '', 'After Meal', '18:00:00', 50, 1, '2022-06-09 12:27:54', '2022-06-09 12:27:54', 37, 148, 1, NULL, '0', NULL),
(107, 'Dolo', NULL, 'Drop', 2, '', '', 'Fixed Date', '2022-06-09', 'Before breakfast', '18:01:00', NULL, 1, '2022-06-09 12:29:40', '2022-06-09 12:31:04', 37, 149, 1, 'Dolo', '1', 'cancel'),
(108, 'Dolo', NULL, 'Drop', 2, '', '', 'Fixed Date', '2022-06-09', 'Before breakfast', '18:01:00', NULL, 1, '2022-06-09 12:30:17', '2022-06-09 12:30:17', 37, 150, 1, 'Dolo', '0', NULL),
(109, 'Dolo', NULL, 'Drop', 2, '', '', 'Fixed Date', '2022-06-09', 'Before breakfast', '18:01:00', NULL, 0, '2022-06-09 12:32:11', '2022-06-09 12:35:39', 37, 151, 1, 'Dolo', '0', NULL),
(110, 'Dolo', NULL, 'Drop', 3, '', '', 'Fixed Date', '2022-06-09', 'Before breakfast', '19:17:00', NULL, 1, '2022-06-09 12:38:06', '2022-06-09 13:47:06', 37, 152, 1, 'Dolo', '1', 'take'),
(111, 'Dolo', '1654778434183_bdbfbc5d-5ee2-4eed-9dd6-35662f2fae51.jpg', 'Drop', 4, '', '', 'EveryDay', 'Select a Date', 'Before breakfast', '18:15:00', NULL, 1, '2022-06-09 12:40:38', '2022-06-09 12:45:04', 37, 153, 1, 'Dolo', '1', 'cancel'),
(112, 'Dolo', NULL, 'Drop', 2, '', '', 'EveryDay', 'Select a Date', 'After breakfast', '18:20:00', NULL, 1, '2022-06-09 12:42:30', '2022-06-09 12:50:04', 37, 154, 1, 'Dolo', '1', 'cancel'),
(113, 'Dolo', NULL, 'Drop', 2, '33', '', 'EveryDay', 'Select a Date', 'Before breakfast', '18:15:00', NULL, 1, '2022-06-09 12:45:33', '2022-06-09 12:45:33', 37, 155, 1, 'Dol', '0', NULL),
(114, 'Dolo', NULL, 'Drop', 2, '', '', 'Fixed Date', '2022-06-09', 'After breakfast', '18:23:00', NULL, 1, '2022-06-09 12:47:11', '2022-06-09 12:53:03', 37, 156, 1, 'Dolo', '1', 'cancel'),
(115, 'Dolo', NULL, 'Drop', 1, '', '', 'Fixed Date', '2022-06-09', 'Before breakfast', '19:50:00', NULL, 0, '2022-06-09 14:05:15', '2022-06-10 07:02:39', 41, 158, 1, 'Dolo', '1', 'take'),
(116, 'Glycogen ', NULL, 'Tablet', 2, '1', 'mcg', 'EveryDay', 'Select a Date', 'Before Meal', '09:50:00', 10, 1, '2022-06-10 04:17:16', '2022-06-10 04:17:29', 75, 159, 9, 'New Reminder', '0', NULL),
(117, 'Dolo', NULL, 'Drop', 1, '', '', 'Once A Week', '2022-06-27', 'After breakfast', '10:08:00', NULL, 1, '2022-06-10 04:36:02', '2022-06-20 04:38:00', 49, 161, 1, 'dolo', '0', NULL),
(118, 'Dolo', NULL, 'Tablet', 1, '45', 'MG', 'Once A Week', '2022-06-22', 'Before breakfast', '10:19:00', 11, 1, '2022-06-10 04:40:39', '2022-06-15 04:49:00', 49, 162, 1, 'dolo', '0', NULL),
(119, 'Dolo', NULL, 'Drop', 2, '', '', 'Once A Week', '2022-06-24', 'Before breakfast', '10:45:00', NULL, 1, '2022-06-10 05:08:24', '2022-06-17 05:15:00', 37, 165, 1, 'Heart Rate', '1', 'cancel'),
(120, 'Kkkk', NULL, 'Drop', 3, '', '', 'Alternate Day', '2022-06-12', 'Before breakfast', '11:30:00', NULL, 0, '2022-06-10 05:55:49', '2022-06-10 06:02:39', 77, 167, 14, 'Kkk', '1', 'take'),
(121, 'MamJ', NULL, 'Drop', 3, '', '', 'Fixed Date', '2022-06-10', 'Before breakfast', '12:15:00', NULL, 1, '2022-06-10 06:42:52', '2022-06-10 06:49:53', 89, 174, 15, 'Kakka', '1', 'cancel'),
(122, 'Maat', NULL, 'Drop', 2, '', '', 'EveryDay', 'Select a Date', 'After Meal', '14:41:00', NULL, 1, '2022-06-10 09:10:27', '2022-06-10 09:11:22', 99, 177, 16, 'Mast', '1', 'take'),
(123, 'Dolo', NULL, 'Drop', 2, '', '', 'EveryDay', 'Select a Date', 'One Fixed Time', '16:55:00', NULL, 1, '2022-06-10 11:12:24', '2022-06-10 11:12:24', 37, 178, 1, 'Dolo', '0', NULL),
(124, 'Name', NULL, 'Drop', 3, '', '', 'Fixed Date', '2022-06-13', 'Before Breakfast', '18:19:00', NULL, 1, '2022-06-13 12:48:34', '2022-06-13 12:48:34', 37, 179, 17, 'Bhrugu', '0', NULL),
(125, 'Apdse j', NULL, 'Drop', 2, '', '', 'EveryDay', 'Select a Date', 'Before Breakfast', '18:31:00', NULL, 0, '2022-06-13 13:00:21', '2022-06-13 13:31:20', 41, 180, 18, 'Yaar errors', '0', NULL),
(126, 'Naa', NULL, 'Drop', 3, '666', 'MG', 'EveryDay', 'Select a Date', 'After Breakfast', '18:36:00', NULL, 0, '2022-06-13 13:04:43', '2022-06-13 13:31:24', 41, 181, 19, 'Hii', '1', 'take'),
(127, 'User1', NULL, 'Tablet', 2, '150', 'g', 'Fixed Date', '2022-06-15', 'Before Breakfast', '11:32:00', 10, 1, '2022-06-15 06:00:51', '2022-06-15 06:02:04', 113, 182, 20, 'User1U ', '1', 'take'),
(128, 'Mast', NULL, 'Drop', 2, '', '', 'Fixed Date', '2022-06-15', 'Before Breakfast', '12:30:00', NULL, 1, '2022-06-15 06:59:05', '2022-06-15 06:59:05', 113, 183, 21, 'Mast', '0', NULL),
(129, 'Reminder', NULL, 'Drop', 3, '', '', 'EveryDay', 'Select a Date', 'Before Breakfast', '13:05:00', NULL, 1, '2022-06-15 07:32:34', '2022-06-15 07:35:05', 113, 184, 22, 'Reminder', '1', 'take'),
(130, 'Ketan', NULL, 'Drop', 3, '', '', 'EveryDay', 'Select a Date', 'Before Breakfast', '10:11:13', NULL, 0, '2022-06-16 04:26:40', '2022-06-17 10:13:08', 65, 186, 13, 'Ketan', '1', 'take'),
(131, 'Dolo', NULL, 'Drop', 2, '', '', 'Fixed Date', '2022-06-16', 'Before Breakfast', '14:40:00', NULL, 1, '2022-06-16 09:07:24', '2022-06-16 09:07:24', 37, 187, 1, 'Heart', '0', NULL),
(132, 'Dolo', NULL, 'Drop', 1, '', '', 'Fixed Date', '2022-06-16', 'Before Breakfast', '14:50:08', NULL, 1, '2022-06-16 09:12:43', '2022-06-16 09:15:08', 37, 188, 1, '555', '1', 'snooze'),
(133, 'Remember ', NULL, 'Drop', 3, '', '', 'EveryDay', 'Select a Date', 'Before Breakfast', '10:28:57', NULL, 0, '2022-06-17 04:46:23', '2022-06-17 10:13:13', 65, 189, 23, 'Reminder ', '1', 'take'),
(134, 'Remember 1', NULL, 'Drop', 3, '', '', 'EveryDay', 'Select a Date', 'Before Breakfast', '10:20:00', NULL, 0, '2022-06-17 04:49:31', '2022-06-17 10:13:17', 65, 190, 24, 'Remember 1', '1', 'take'),
(135, 'glycomet', NULL, 'Pill', 2, '100', 'G', 'EveryDay', 'Select a Date', 'Before Breakfast', '01:15:00', 100, 1, '2022-06-17 05:15:24', '2022-06-17 05:15:24', 127, 191, 3, 'Heary', '0', NULL),
(136, 'Jdjfj', '1655444767862_3e5ee7b1-5b18-4e43-9b59-103209cc0498.jpg', 'Pill', 1, '150', 'Mcg', 'EveryDay', 'Select a Date', 'After Lunch', '17:30:00', 200, 1, '2022-06-17 05:46:11', '2022-06-17 05:46:11', 128, 192, 25, 'Bhavhajsj', '0', NULL),
(137, 'Dolo', NULL, 'Tablet', 2, '150', 'G', 'EveryDay', 'Select a Date', 'One Fixed Time', '11:26:16', 20, 1, '2022-06-17 05:48:32', '2022-06-17 05:56:22', 128, 193, 1, 'Heart', '1', 'take'),
(138, 'Dolo', NULL, 'Tablet', 3, '80', 'Mcg', 'Fixed Date', '2022-06-17', 'Before Breakfast', '11:25:00', 10, 1, '2022-06-17 05:54:16', '2022-06-17 05:55:43', 128, 194, 1, 'Fiver', '1', 'take'),
(139, 'Hh', NULL, 'Pill', 3, '96', 'G', 'EveryDay', 'Select a Date', 'Before Breakfast', '16:46:00', 6, 1, '2022-06-17 06:19:00', '2022-06-17 06:19:00', 128, 195, 26, 'Yy', '0', NULL),
(140, 'Yyu', NULL, 'Pill', 2, '200', 'Mg', 'Fixed Date', '2022-06-17', 'Before Breakfast', '16:21:00', NULL, 0, '2022-06-17 06:53:24', '2022-06-17 07:20:00', 129, 196, 27, 'Yyy', '0', NULL),
(141, 'Uuu', NULL, 'Tablet', 5, '200', 'G', 'Fixed Date', '2022-06-17', 'One Fixed Time', '17:22:00', 6663, 1, '2022-06-17 06:54:07', '2022-06-17 06:54:07', 129, 197, 28, 'Juji', '0', NULL),
(142, 'Dolo', NULL, 'Pill', 2, '666', 'G', 'Fixed Date', '2022-06-17', 'Before Dinner', '16:22:00', 9, 0, '2022-06-17 06:56:52', '2022-06-17 07:20:02', 129, 198, 1, '5h5j', '0', NULL),
(143, 'Uuu', NULL, 'Drop', 2, '', '', 'EveryDay', 'Select a Date', 'After Breakfast', '17:22:00', NULL, 1, '2022-06-17 07:15:06', '2022-06-17 07:15:06', 129, 200, 28, 'Uuu', '0', NULL),
(144, 'Next', '1655457012841_723a38b1-cd42-428b-b49d-75d29818192e.jpg', 'Drop', 3, '', '', 'EveryDay', 'Select a Date', 'Before Breakfast', '14:46:38', NULL, 0, '2022-06-17 09:10:17', '2022-06-17 10:13:37', 65, 202, 29, 'Next ', '1', 'snooze'),
(145, 'Bhrugu', NULL, 'Tablet', 2, '50', 'Mcg', 'EveryDay', 'Select a Date', 'Before Breakfast', '14:48:10', 18, 0, '2022-06-17 09:12:39', '2022-06-17 10:13:33', 65, 203, 30, 'Bhrugu', '1', 'take'),
(146, 'Hyyy', NULL, 'Drop', 2, '', '', 'EveryDay', 'Select a Date', 'After Lunch', 'Selec:00', NULL, 0, '2022-06-17 09:30:58', '2022-06-17 10:13:28', 65, 204, 31, 'Hyhh', '0', NULL),
(147, '555', NULL, 'Tablet', 3, '663', 'Mcg', 'EveryDay', 'Select a Date', 'After Breakfast', '17:24:00', 200, 0, '2022-06-17 09:33:48', '2022-06-17 10:13:24', 65, 205, 32, 'Gh', '0', NULL),
(148, 'Dolo', NULL, 'Tablet', 1, '150', 'Mcg', 'Fixed Date', '2022-06-17', 'Before Breakfast', '17:25:00', 500, 1, '2022-06-17 10:27:27', '2022-06-17 10:27:27', 65, 207, 1, 'Bhavya', '0', NULL),
(149, 'Tgy', NULL, 'Drop', 5, '', '', 'EveryDay', 'Select a Date', 'After Breakfast', '18:58:00', NULL, 1, '2022-06-17 10:28:42', '2022-06-19 13:54:41', 65, 208, 33, 'Bhavya1', '1', 'take'),
(150, 'Yy7u', NULL, 'Inhaler', 2, '55', 'G', 'Alternate Day', '2022-06-21', 'After Breakfast', '18:58:00', 555, 1, '2022-06-17 10:29:21', '2022-06-19 13:28:00', 65, 209, 34, 'Bhavya2', '0', NULL),
(151, 'Uhg', NULL, 'Pill', 2, '255', 'Mcg', 'Once A Week', '2022-06-17', 'One Fixed Time', '17:25:00', 65, 0, '2022-06-17 10:30:07', '2022-06-17 10:46:32', 65, 210, 35, 'Bhavya4', '0', NULL),
(152, 'Hello', NULL, 'Drop', 3, '', '', 'EveryDay', 'Select a Date', 'Before Breakfast', '18:55:15', NULL, 1, '2022-06-17 13:19:43', '2022-06-18 13:36:43', 65, 211, 36, 'Hello', '1', 'take'),
(153, 'Glycogen ', NULL, 'Pill', 2, '150', 'Mg', 'EveryDay', 'Select a Date', 'After Lunch', '19:45:00', 100, 1, '2022-06-18 23:44:24', '2022-06-18 23:44:24', 127, 212, 9, 'Second', '0', NULL),
(154, 'Paracetamol', NULL, 'Pill', 1, '100', 'Mg', 'Alternate Day', '2022-06-20', 'Before Breakfast', '19:32:00', 10, 1, '2022-06-19 23:35:04', '2022-06-19 23:35:04', 127, 213, 2, 'New', '0', NULL),
(155, 'Glycogen ', NULL, 'Pill', 2, '50', 'Mcg', 'EveryDay', 'Select a Date', 'Before Lunch', '09:46:13', 50, 1, '2022-06-20 04:08:55', '2022-06-20 04:16:43', 63, 216, 9, 'Heart', '1', 'cancel'),
(156, 'Glycogen ', NULL, 'Pill', 2, '20', 'Mcg', 'EveryDay', 'Select a Date', 'After Breakfast', '09:51:00', 50, 1, '2022-06-20 04:18:34', '2022-06-20 04:21:25', 63, 217, 9, 'H', '1', 'take'),
(157, 'Dolo', NULL, 'Drop', 2, '', '', 'EveryDay', 'Select a Date', 'After Breakfast', '10:10:00', NULL, 1, '2022-06-20 04:38:19', '2022-06-20 04:40:13', 41, 218, 1, 'Heart', '1', 'cancel'),
(158, 'Glycogen ', NULL, 'Pill', 3, '100', 'Mcg', 'EveryDay', 'Select a Date', 'After Dinner', '00:40:00', 100, 1, '2022-06-20 04:38:23', '2022-06-20 04:38:23', 127, 219, 9, 'New01', '0', NULL);

-- --------------------------------------------------------

--
-- Table structure for table `medicine_strength`
--

CREATE TABLE `medicine_strength` (
  `id` int(11) NOT NULL,
  `unit` varchar(50) DEFAULT NULL,
  `created_at` datetime NOT NULL,
  `updated_at` datetime NOT NULL
) ENGINE=InnoDB DEFAULT CHARSET=utf8;

--
-- Dumping data for table `medicine_strength`
--

INSERT INTO `medicine_strength` (`id`, `unit`, `created_at`, `updated_at`) VALUES
(1, 'Mg', '2022-04-18 08:58:31', '2022-04-18 08:58:31'),
(2, 'Mcg', '2022-04-18 08:58:31', '2022-04-18 08:58:31'),
(3, 'G', '2022-04-18 08:59:43', '2022-04-18 08:59:43'),
(4, 'IU', '2022-04-18 08:59:43', '2022-04-18 08:59:43'),
(5, 'ml', '2022-04-18 08:59:43', '2022-04-18 08:59:43');

-- --------------------------------------------------------

--
-- Table structure for table `nestedSubcategory`
--

CREATE TABLE `nestedSubcategory` (
  `id` int(11) NOT NULL,
  `name` varchar(255) DEFAULT NULL,
  `unit` varchar(255) DEFAULT NULL,
  `type` varchar(255) DEFAULT NULL,
  `created_at` datetime NOT NULL,
  `updated_at` datetime NOT NULL,
  `subcategory_id` int(11) DEFAULT NULL
) ENGINE=InnoDB DEFAULT CHARSET=utf8;

--
-- Dumping data for table `nestedSubcategory`
--

INSERT INTO `nestedSubcategory` (`id`, `name`, `unit`, `type`, `created_at`, `updated_at`, `subcategory_id`) VALUES
(1, 'Element', 'Free_text', 'free_text', '2022-05-26 10:07:28', '2022-05-26 10:07:28', 11),
(2, 'Reaction', 'Free_text', 'free_text', '2022-05-26 10:11:54', '2022-05-26 10:11:54', 11),
(3, 'Severity', 'Free_text', 'free_text', '2022-05-26 10:12:43', '2022-05-26 10:12:43', 11),
(4, 'Date', 'date', 'date', '2022-05-26 10:18:54', '2022-05-26 10:18:54', 11),
(5, 'Flow', 'Flow/No Flow', 'free_text', '2022-05-26 10:20:24', '2022-05-26 10:20:24', 13),
(6, 'Start of Cycle', 'Yes/No', 'free_text', '2022-05-26 10:22:02', '2022-05-26 10:22:02', 13),
(7, 'Alcohol consumption', 'drink', 'integer', '2022-05-26 10:23:11', '2022-05-26 10:23:11', 14),
(8, 'Inhaler Usage', 'puffs', 'integer', '2022-05-26 10:26:37', '2022-05-26 10:26:37', 15),
(9, 'Sexual Activity', 'Protection used/Protection not used', 'free_text', '2022-05-26 10:27:21', '2022-05-26 10:27:21', 16),
(10, 'Toothbrushing', 'times a day', 'integer', '2022-05-26 10:28:22', '2022-05-26 10:28:22', 17);

-- --------------------------------------------------------

--
-- Table structure for table `nested_subcategory`
--

CREATE TABLE `nested_subcategory` (
  `id` int(11) NOT NULL,
  `created_at` datetime NOT NULL,
  `updated_at` datetime NOT NULL,
  `subcategory_id` int(11) DEFAULT NULL,
  `value` varchar(255) DEFAULT NULL,
  `user_id` int(11) DEFAULT NULL
) ENGINE=InnoDB DEFAULT CHARSET=utf8;

--
-- Dumping data for table `nested_subcategory`
--

INSERT INTO `nested_subcategory` (`id`, `created_at`, `updated_at`, `subcategory_id`, `value`, `user_id`) VALUES
(1, '2022-06-10 05:13:25', '2022-06-10 05:13:25', 11, '{\'element\': \'test1\',\'reaction\': \'test2\',\'severity\': \'test3\',\'onset\': \'test4\'}', 49),
(2, '2022-06-10 05:14:30', '2022-06-10 05:14:30', 11, '{\"Element\":\"dddd\",\"Reaction\":\"5t55\",\"Severity\":\"6666\",\"Onset\":\"yyyy\"}', 49),
(3, '2022-06-10 05:14:30', '2022-06-10 05:14:30', 14, '{\"Drink\":\"ddddd\"}', 49),
(4, '2022-06-10 05:14:30', '2022-06-10 05:14:30', 17, '{\"Toothbrushing\":\"ggg\"}', 49),
(5, '2022-06-10 05:17:42', '2022-06-10 05:17:42', 11, '{\"Element\":\"dddd\",\"Reaction\":\"5t55\",\"Severity\":\"6666\",\"Onset\":\"yyyy\"}', 49),
(6, '2022-06-10 05:17:42', '2022-06-10 05:17:42', 14, '{\"Drink\":\"ddddd\"}', 49),
(7, '2022-06-10 05:17:42', '2022-06-10 05:17:42', 17, '{\"Toothbrushing\":\"ggg\"}', 49),
(8, '2022-06-10 05:17:43', '2022-06-10 05:17:43', 11, '{\"Element\":\"dddd\",\"Reaction\":\"5t55\",\"Severity\":\"6666\",\"Onset\":\"yyyy\"}', 49),
(9, '2022-06-10 05:17:43', '2022-06-10 05:17:43', 14, '{\"Drink\":\"ddddd\"}', 49),
(10, '2022-06-10 05:17:43', '2022-06-10 05:17:43', 17, '{\"Toothbrushing\":\"ggg\"}', 49),
(11, '2022-06-10 13:14:53', '2022-06-10 13:14:53', 11, '{\'element\': \'a\',\'reaction\': \'b\',\'severity\': \'b\',\'onset\': \'d\'}', 41),
(12, '2022-06-10 13:14:53', '2022-06-10 13:14:53', 13, '{\'drink\': \'x\'}', 41),
(13, '2022-06-10 13:36:06', '2022-06-10 13:36:06', 11, '{\"Onset\":\"24/06/2022\"}', 87),
(14, '2022-06-10 13:36:06', '2022-06-10 13:36:06', 13, '{\"Flow\":\"Flow\",\"Start of cycle\":\"Yes\"}', 87),
(15, '2022-06-10 13:36:06', '2022-06-10 13:36:06', 14, '{\"Drink\":\"Fffj\"}', 87),
(16, '2022-06-10 13:38:09', '2022-06-10 13:38:09', 11, '{\"Element\":\"ffdgdfg\",\"Reaction\":\"dfgvdf\",\"Severity\":\"dfgvd\",\"Onset\":\"16/06/2022\"}', 87),
(17, '2022-06-10 13:38:09', '2022-06-10 13:38:09', 13, '{\"Start of cycle\":\"No\"}', 87),
(18, '2022-06-10 13:55:20', '2022-06-10 13:55:20', 11, '{\"Onset\":\"16/06/2022\",\"Severity\":\"vgb vn \"}', 87),
(19, '2022-06-10 14:37:29', '2022-06-10 14:37:29', 11, '{\"Onset\":\"10/06/2022\"}', 41),
(20, '2022-06-13 04:46:59', '2022-06-13 04:46:59', 11, '{\'element\': \'a\',\'reaction\': \'b\',\'severity\': \'b\',\'onset\': \'d\'}', 49),
(21, '2022-06-13 04:46:59', '2022-06-13 04:46:59', 13, '{\'drink\': \'x\'}', 49),
(22, '2022-06-13 06:39:53', '2022-06-13 06:39:53', 11, '{\"Element\":\"Hello\",\"Reaction\":\"Reaction details\",\"Severity\":\"High\",\"Onset\":\"07/06/2022\"}', 41),
(23, '2022-06-13 06:39:53', '2022-06-13 06:39:53', 14, '{\"Drink\":\"10\"}', 41),
(24, '2022-06-13 06:39:53', '2022-06-13 06:39:53', 15, '{\"Inhaler\":\"10\"}', 41),
(25, '2022-06-13 06:39:53', '2022-06-13 06:39:53', 16, '{\"Protection\":\"Protection Used\"}', 41),
(26, '2022-06-13 06:39:53', '2022-06-13 06:39:53', 17, '{\"Toothbrushing\":\"1\"}', 41),
(27, '2022-06-13 06:42:34', '2022-06-13 06:42:34', 11, '{\"Element\":\"Element details\",\"Reaction\":\"Reaction details\",\"Severity\":\"High\",\"Onset\":\"13/06/2022\"}', 41),
(28, '2022-06-13 06:42:34', '2022-06-13 06:42:34', 14, '{\"Drink\":\"12\"}', 41),
(29, '2022-06-13 06:42:34', '2022-06-13 06:42:34', 15, '{\"Inhaler\":\"22\"}', 41),
(30, '2022-06-13 06:42:34', '2022-06-13 06:42:34', 16, '{\"Protection\":\"Protection Used\"}', 41),
(31, '2022-06-13 06:42:34', '2022-06-13 06:42:34', 17, '{\"Toothbrushing\":\"2\"}', 41),
(32, '2022-06-13 06:49:23', '2022-06-13 06:49:23', 11, '{\'element\': \'a\',\'reaction\': \'b\',\'severity\': \'b\',\'onset\': \'d\'}', 41),
(33, '2022-06-13 06:49:23', '2022-06-13 06:49:23', 13, '{\'drink\': \'x\'}', 41),
(34, '2022-06-13 06:50:38', '2022-06-13 06:50:38', 11, '{\'element\': \'a\',\'reaction\': \'b\',\'severity\': \'b\',\'onset\': \'d\'}', 41),
(35, '2022-06-13 06:50:38', '2022-06-13 06:50:38', 13, '{\'drink\': \'x\'}', 41),
(36, '2022-06-13 06:51:14', '2022-06-13 06:51:14', 11, '{\'element\': \'a\',\'reaction\': \'b\',\'severity\': \'b\',\'onset\': \'d\'}', 41),
(37, '2022-06-13 06:51:14', '2022-06-13 06:51:14', 13, '{\'drink\': \'x\'}', 41),
(38, '2022-06-13 06:52:28', '2022-06-13 06:52:28', 11, '{\"Element\":\"Hsha\",\"Reaction\":\"Bbxb\"}', 41),
(39, '2022-06-13 06:52:55', '2022-06-13 06:52:55', 11, '{\"Element\":\"Elementssss\"}', 41),
(40, '2022-06-13 07:03:41', '2022-06-13 07:03:41', 11, '{\"Element\":\"El\",\"Reaction\":\"Rea\",\"Severity\":\"High\",\"Onset\":\"13/06/2022\"}', 41),
(41, '2022-06-13 07:03:41', '2022-06-13 07:03:41', 14, '{\"Drink\":\"1\"}', 41),
(42, '2022-06-13 07:03:41', '2022-06-13 07:03:41', 15, '{\"Inhaler\":\"2\"}', 41),
(43, '2022-06-13 07:03:41', '2022-06-13 07:03:41', 16, '{\"Protection\":\"Protection Used\"}', 41),
(44, '2022-06-13 07:03:41', '2022-06-13 07:03:41', 17, '{\"Toothbrushing\":\"2\"}', 41),
(45, '2022-06-13 07:06:14', '2022-06-13 07:06:14', 11, '{\'Element\': \'El\',\'Reaction\': \'Rea\',\'Severity\': \'High\',\'Onset\': \'13/06/2022\'}', 41),
(46, '2022-06-13 07:06:14', '2022-06-13 07:06:14', 13, '{\'drink\': \'x\'}', 41),
(47, '2022-06-13 07:27:35', '2022-06-13 07:27:35', 11, '{\"Element\":\"Elementtttttsss\"}', 41),
(48, '2022-06-13 07:27:35', '2022-06-13 07:27:35', 17, '{\"Toothbrushing\":\"23\"}', 41),
(49, '2022-06-13 09:20:08', '2022-06-13 09:20:08', 11, '{\"Element\":\"Eeer\",\"Reaction\":\"Rrr\",\"Severity\":\"Sss\"}', 41),
(50, '2022-06-13 12:42:52', '2022-06-13 12:42:52', 13, '{\"Flow\":\"Flow\"}', 41),
(51, '2022-06-13 13:29:18', '2022-06-13 13:29:18', 17, '{\"Toothbrushing\":\"Uiu\"}', 41),
(52, '2022-06-15 09:56:42', '2022-06-15 09:56:42', 11, '{\"Element\":\"Jjj\"}', 114),
(53, '2022-06-15 09:56:42', '2022-06-15 09:56:42', 14, '{\"Drink\":\"No\"}', 114),
(54, '2022-06-15 09:56:42', '2022-06-15 09:56:42', 16, '{\"Protection\":\"Protection Used\"}', 114),
(55, '2022-06-15 09:56:42', '2022-06-15 09:56:42', 17, '{\"Toothbrushing\":\"Hhhh\"}', 114),
(56, '2022-06-17 05:58:48', '2022-06-17 05:58:48', 11, '{\"Element\":\"Hjs\",\"Reaction\":\"Bjdj\",\"Severity\":\"Jdjdn\",\"Onset\":\"17/06/2022\"}', 128),
(57, '2022-06-17 06:03:25', '2022-06-17 06:03:25', 13, '{\"Flow\":\"No Flow\",\"Start of cycle\":\"No\"}', 128),
(58, '2022-06-17 07:19:19', '2022-06-17 07:19:19', 11, '{\"Element\":\"Ryy\",\"Reaction\":\"Ttt\",\"Severity\":\"Tt\",\"Onset\":\"17/06/2022\"}', 129),
(59, '2022-06-17 09:49:58', '2022-06-17 09:49:58', 11, '{\"Onset\":\"17/06/2022\"}', 65),
(60, '2022-06-17 10:01:01', '2022-06-17 10:01:01', 13, '{\"Flow\":\"No Flow\"}', 65),
(61, '2022-06-17 10:01:23', '2022-06-17 10:01:23', 11, '{\"Onset\":\"17/06/2022\"}', 65),
(62, '2022-06-17 10:05:41', '2022-06-17 10:05:41', 13, '{\"Start of cycle\":\"No\"}', 65),
(63, '2022-06-17 10:06:00', '2022-06-17 10:06:00', 11, '{\"Element\":\"H8h\",\"Reaction\":\"H7h7h\",\"Severity\":\"H7h7h\",\"Onset\":\"17/06/2022\"}', 65),
(64, '2022-06-17 10:06:10', '2022-06-17 10:06:10', 14, '{\"Drink\":\"5\"}', 65),
(65, '2022-06-17 10:06:36', '2022-06-17 10:06:36', 15, '{\"Inhaler\":\"Tyy\"}', 65),
(66, '2022-06-17 10:06:36', '2022-06-17 10:06:36', 16, '{\"Protection\":\"Protection Used\"}', 65),
(67, '2022-06-17 10:06:36', '2022-06-17 10:06:36', 17, '{\"Toothbrushing\":\"Yes\"}', 65),
(68, '2022-06-19 23:28:56', '2022-06-19 23:28:56', 11, '{\"Onset\":\"01/05/2022\",\"Element\":\"Latex\",\"Reaction\":\"Rashes\",\"Severity\":\"Mild\"}', 127),
(69, '2022-06-19 23:28:56', '2022-06-19 23:28:56', 13, '{\"Flow\":\"Flow\",\"Start of cycle\":\"Yes\"}', 127),
(70, '2022-06-19 23:28:56', '2022-06-19 23:28:56', 14, '{\"Drink\":\"5\"}', 127),
(71, '2022-06-19 23:28:56', '2022-06-19 23:28:56', 15, '{\"Inhaler\":\"2\"}', 127),
(72, '2022-06-19 23:28:56', '2022-06-19 23:28:56', 16, '{\"Protection\":\"Protection Used\"}', 127),
(73, '2022-06-19 23:28:56', '2022-06-19 23:28:56', 17, '{\"Toothbrushing\":\"Yes\"}', 127),
(74, '2022-06-20 04:21:25', '2022-06-20 04:21:25', 11, '{\"Element\":\"Hello\",\"Reaction\":\"Reaction\"}', 41);

-- --------------------------------------------------------

--
-- Table structure for table `other_subcategory`
--

CREATE TABLE `other_subcategory` (
  `id` int(11) NOT NULL,
  `name` varchar(255) DEFAULT NULL,
  `unit` varchar(255) DEFAULT NULL,
  `created_at` datetime NOT NULL,
  `updated_at` datetime NOT NULL,
  `subcategory_id` int(11) DEFAULT NULL
) ENGINE=InnoDB DEFAULT CHARSET=utf8;

--
-- Dumping data for table `other_subcategory`
--

INSERT INTO `other_subcategory` (`id`, `name`, `unit`, `created_at`, `updated_at`, `subcategory_id`) VALUES
(1, 'Element', 'Text', '2022-06-09 05:54:37', '2022-06-09 05:54:37', 11),
(2, 'Reaction', 'Text', '2022-06-09 05:54:37', '2022-06-09 05:54:37', 11),
(3, 'Severity', 'Text', '2022-06-09 05:54:37', '2022-06-09 05:54:37', 11),
(4, 'Onset', 'Text', '2022-06-09 05:54:37', '2022-06-09 05:54:37', 11),
(5, 'Flow', '[\'Flow\',\'No Flow\']', '2022-06-09 05:54:37', '2022-06-09 05:54:37', 13),
(6, 'Start of cycle', '[\'Yes\',\'No\']', '2022-06-09 05:54:37', '2022-06-09 05:54:37', 13),
(7, 'Drink', 'Number', '2022-06-09 05:54:37', '2022-06-09 05:54:37', 14),
(8, 'Inhaler', 'Puffs', '2022-06-09 05:54:37', '2022-06-09 05:54:37', 15),
(9, 'Protection', '[\'Protection Used\',\'No Protection Used\']', '2022-06-09 05:54:37', '2022-06-09 05:54:37', 16),
(10, 'Toothbrushing', 'Time a Day', '2022-06-09 05:54:37', '2022-06-09 05:54:37', 17);

-- --------------------------------------------------------

--
-- Table structure for table `reminder_frequency`
--

CREATE TABLE `reminder_frequency` (
  `id` int(11) NOT NULL,
  `name` varchar(50) DEFAULT NULL,
  `created_at` datetime NOT NULL,
  `updated_at` datetime NOT NULL
) ENGINE=InnoDB DEFAULT CHARSET=utf8;

--
-- Dumping data for table `reminder_frequency`
--

INSERT INTO `reminder_frequency` (`id`, `name`, `created_at`, `updated_at`) VALUES
(1, 'Fixed Date', '2022-04-25 05:10:15', '2022-04-25 05:10:15'),
(2, 'EveryDay', '2022-04-25 05:10:15', '2022-04-25 05:10:15'),
(3, 'Alternate Day', '2022-04-25 05:10:15', '2022-04-25 05:10:15'),
(4, 'Once A Week', '2022-04-25 05:10:15', '2022-04-25 05:10:15');

-- --------------------------------------------------------

--
-- Table structure for table `reminder_time`
--

CREATE TABLE `reminder_time` (
  `id` int(11) NOT NULL,
  `name` varchar(50) DEFAULT NULL,
  `created_at` datetime NOT NULL,
  `updated_at` datetime NOT NULL
) ENGINE=InnoDB DEFAULT CHARSET=utf8;

--
-- Dumping data for table `reminder_time`
--

INSERT INTO `reminder_time` (`id`, `name`, `created_at`, `updated_at`) VALUES
(1, 'Before Breakfast', '2022-04-18 09:02:31', '2022-04-18 09:02:31'),
(2, 'After Breakfast', '2022-04-18 09:02:31', '2022-04-18 09:02:31'),
(3, 'Before Lunch', '2022-04-18 09:02:31', '2022-04-18 09:02:31'),
(4, 'After Lunch', '2022-04-18 09:02:31', '2022-04-18 09:02:31'),
(5, 'Before Dinner', '2022-04-18 09:02:31', '2022-04-18 09:02:31'),
(6, 'After Dinner', '2022-04-18 09:02:31', '2022-04-18 09:02:31'),
(7, 'One Fixed Time', '2022-04-18 09:02:31', '2022-04-18 09:02:31');

-- --------------------------------------------------------

--
-- Table structure for table `subcategory`
--

CREATE TABLE `subcategory` (
  `id` int(11) NOT NULL,
  `name` varchar(255) DEFAULT NULL,
  `icon` varchar(255) DEFAULT NULL,
  `unit` varchar(255) DEFAULT NULL,
  `created_at` datetime NOT NULL,
  `updated_at` datetime NOT NULL,
  `category_id` int(11) DEFAULT NULL,
  `type` varchar(255) DEFAULT NULL,
  `is_graph` tinyint(1) DEFAULT NULL
) ENGINE=InnoDB DEFAULT CHARSET=utf8;

--
-- Dumping data for table `subcategory`
--

INSERT INTO `subcategory` (`id`, `name`, `icon`, `unit`, `created_at`, `updated_at`, `category_id`, `type`, `is_graph`) VALUES
(1, 'Heart Rate', 'https://live-sanjivani.s3.us-east-2.amazonaws.com/SubCategoryIcons/All+Icons+New/heart-rate.svg', 'BPM', '2022-04-21 04:37:45', '2022-04-21 04:37:45', 1, 'integer', 1),
(3, 'Respiratory Rate ', 'https://live-sanjivani.s3.us-east-2.amazonaws.com/SubCategoryIcons/All+Icons+New/repiratory.svg', 'breaths/min', '2022-04-21 04:37:45', '2022-04-21 04:37:45', 1, 'fractional', 1),
(4, 'Body Temperature', 'https://live-sanjivani.s3.us-east-2.amazonaws.com/SubCategoryIcons/All+Icons+New/body-temperature.svg', '*F', '2022-04-21 04:37:45', '2022-04-21 04:37:45', 1, 'fractional', 1),
(5, 'Oxygen Saturation', 'https://live-sanjivani.s3.us-east-2.amazonaws.com/SubCategoryIcons/All+Icons+New/oxygen-saturation.svg', '%', '2022-04-21 04:37:45', '2022-04-21 04:37:45', 1, 'fractional', 1),
(6, 'Blood Pressure', 'https://live-sanjivani.s3.us-east-2.amazonaws.com/SubCategoryIcons/All+Icons+New/blood-pressure.svg', 'mmHg', '2022-04-21 04:37:45', '2022-04-21 04:37:45', 1, 'integer', 0),
(7, 'Blood Glucose', 'https://live-sanjivani.s3.us-east-2.amazonaws.com/SubCategoryIcons/All+Icons+New/blood-glucose.svg', 'mg/dL', '2022-04-21 04:37:45', '2022-04-21 04:37:45', 1, 'string', 0),
(8, 'Height', 'https://live-sanjivani.s3.us-east-2.amazonaws.com/SubCategoryIcons/All+Icons+New/height.svg', 'feet', '2022-04-21 04:45:22', '2022-04-21 04:45:22', 2, 'integer', 1),
(9, 'Weight', 'https://live-sanjivani.s3.us-east-2.amazonaws.com/SubCategoryIcons/All+Icons+New/weight.svg', 'kg', '2022-04-21 04:45:22', '2022-04-21 04:45:22', 2, 'fractional', 1),
(10, 'Sleep', 'https://live-sanjivani.s3.us-east-2.amazonaws.com/SubCategoryIcons/All+Icons+New/sleep.svg', 'Hours and minutes', '2022-04-21 04:47:54', '2022-04-21 04:47:54', 3, 'free_text', 1),
(11, 'Allergies', 'https://live-sanjivani.s3.us-east-2.amazonaws.com/SubCategoryIcons/All+Icons+New/allergy.svg', ' Free Text', '2022-04-21 04:55:15', '2022-04-21 04:55:15', 4, 'free_text', 1),
(13, 'Menstruation', 'https://live-sanjivani.s3.us-east-2.amazonaws.com/SubCategoryIcons/All+Icons+New/menstruation.svg', 'No Flow/Flow', '2022-04-21 04:57:26', '2022-04-21 04:57:26', 4, 'free text', 1),
(14, 'Alcohol Consumption', 'https://live-sanjivani.s3.us-east-2.amazonaws.com/SubCategoryIcons/All+Icons+New/alcohol-consumption.svg', 'drinks', '2022-04-21 04:57:26', '2022-04-21 04:57:26', 4, 'integer', 1),
(15, 'Inhaler Usage ', 'https://live-sanjivani.s3.us-east-2.amazonaws.com/SubCategoryIcons/All+Icons+New/inhaler.svg', 'Time', '2022-04-21 05:05:58', '2022-04-21 05:05:58', 4, 'integer', 1),
(16, 'Sexual Activity ', 'https://live-sanjivani.s3.us-east-2.amazonaws.com/SubCategoryIcons/All+Icons+New/sexual-activity.svg', '', '2022-04-21 05:05:58', '2022-04-21 05:05:58', 4, 'free_text', 1),
(17, 'Toothbrushing ', 'https://live-sanjivani.s3.us-east-2.amazonaws.com/SubCategoryIcons/All+Icons+New/toothbrushing.svg', 'Minutes', '2022-04-21 05:05:58', '2022-04-21 05:05:58', 4, 'integer', 1),
(19, 'BMI', 'https://live-sanjivani.s3.us-east-2.amazonaws.com/SubCategoryIcons/All+Icons+New/bmi.svg', '', '2022-04-27 09:29:45', '2022-04-27 09:29:45', 2, 'fractional', 1),
(20, 'Steps', 'https://live-sanjivani.s3.us-east-2.amazonaws.com/SubCategoryIcons/All+Icons+New/steps.svg', 'Steps', '2022-06-16 14:50:07', '2022-06-16 14:50:07', 3, 'fractional', 1),
(21, 'Calories', 'https://live-sanjivani.s3.us-east-2.amazonaws.com/SubCategoryIcons/All+Icons+New/calories.svg', 'kcal', '2022-06-17 09:42:39', '2022-06-17 09:42:39', 2, 'fractional', 1);

-- --------------------------------------------------------

--
-- Table structure for table `symptom`
--

CREATE TABLE `symptom` (
  `id` int(11) NOT NULL,
  `name` varchar(255) DEFAULT NULL,
  `created_at` datetime NOT NULL,
  `updated_at` datetime NOT NULL,
  `age` varchar(255) DEFAULT NULL,
  `gender` enum('male','female','other','all') DEFAULT NULL,
  `description` varchar(255) DEFAULT NULL,
  `how_common` varchar(255) DEFAULT NULL,
  `overview` varchar(255) DEFAULT NULL,
  `risk_factor` varchar(255) DEFAULT NULL,
  `diagnosed_by` varchar(255) DEFAULT NULL,
  `did_you_know` varchar(255) DEFAULT NULL,
  `facts` varchar(255) DEFAULT NULL,
  `treatment` varchar(255) DEFAULT NULL,
  `made_wrose_by` varchar(255) DEFAULT NULL,
  `when_to_see_doctor` varchar(255) DEFAULT NULL,
  `question_to_ask` varchar(255) DEFAULT NULL,
  `what_to_expect` varchar(255) DEFAULT NULL,
  `take_care_of_yourself` varchar(255) DEFAULT NULL
) ENGINE=InnoDB DEFAULT CHARSET=utf8;

--
-- Dumping data for table `symptom`
--

INSERT INTO `symptom` (`id`, `name`, `created_at`, `updated_at`, `age`, `gender`, `description`, `how_common`, `overview`, `risk_factor`, `diagnosed_by`, `did_you_know`, `facts`, `treatment`, `made_wrose_by`, `when_to_see_doctor`, `question_to_ask`, `what_to_expect`, `take_care_of_yourself`) VALUES
(1, 'Headache', '2022-06-13 15:31:01', '2022-06-13 15:31:01', '18-60', 'female', 'Headache pain results from signals interacting among the brain, blood vessels and surrounding nerves. During a headache, an unknown mechanism activates specific nerves that affect muscles and blood vessels. These nerves send pain signals to the brain.', 'Headache pain results from signals interacting among the brain, blood vessels and surrounding nerves. During a headache, an unknown mechanism activates specific nerves that affect muscles and blood vessels. These nerves send pain signals to the brain.', 'Headaches are a very common condition that most people will experience many times during their lives. The main symptom of a headache is a pain in your head or face. This can be throbbing, constant, sharp or dull. ', 'Migraines arent fully understood. But researchers think migraines result when unstable nerve cells overreact to various factors (triggers). The nerve cells send out impulses to blood vessels and cause chemical changes in the brain. ', 'Lifestyle plays an important part in preventing headaches. If you don\'t smoke, don\'t drink excessively, get regular sleep, eat a healthy diet and get daily exercise, you are unlikely to suffer from headaches frequently, unless you have a medical problem.', 'Fasting may cause headaches, as a fasting person is likely to have very low blood sugar. But other factors, such as stress, pollution, noise, smoke, flashing lights and certain types of food may also cause headaches.', 'text', 'Daily prescription medications, including tricyclic antidepressants, might manage chronic tension-type headaches. Alternative therapies aimed at stress reduction might help.', 'text', 'Migraines are often undiagnosed and untreated. If you regularly have signs and symptoms of migraine, keep a record of your attacks and how you treated them. Then make an appointment with your doctor to discuss your headaches.', 'text', 'text', 'text'),
(2, 'Diziness', '2022-06-13 11:20:04', '2022-06-13 11:20:04', '40-70', 'male', 'Dizziness can be associated with more serious conditions, such as a stroke or cardiovascular problems. Even on its own, though, if dizziness leads to a fall, it can be dangerous.', 'Its common to experience dizziness. Almost half of people see their healthcare provider at some point because of feeling dizzy. The older you are, the more likely you are to have this symptom.', 'A number of conditions can cause dizziness because balance involves several parts of the body. ', 'text', 'text', 'text', 'text', 'text', 'text', 'text', 'text', 'text', 'text'),
(3, 'Facial Pain', '2022-06-13 16:05:10', '2022-06-13 16:05:10', '15-30', 'other', 'A dull, throbbing pain on one side of your face or around your mouth is generally due to problems within the mouth, such as a toothache, cavity, or abscess.', 'text', 'Facial pain is pain felt in any part of the face, including the mouth and eyes. Although its normally due to an injury or a headache, facial pain may also be the result of a serious medical condition.', 'text', 'text', 'text', 'text', 'text', 'text', 'If you experience facial pain, particularly prolonged or recurring pain, or pain unrelieved by over-the-counter pain relievers, see your doctor.', 'text', 'text', 'text'),
(4, 'Fever', '2022-06-13 15:56:44', '2022-06-13 15:56:44', '15-55', 'male', 'Body temperatures vary slightly from person to person and at different times of day. The average temperature has traditionally been defined as 98.6 F (37 C). ', 'text', 'A fever is a temporary rise in body temperature. It\'s one part of an overall response from the body\'s immune system. A fever is usually caused by an infection.', 'text', 'text', 'text', 'text', 'especially before eating, after using the toilet, after spending time in a crowd or around someone who\'s sick, after petting animals, and during travel on public transportation.', 'text', 'if you\'re an adult with a 103F (39.4C) or higher fever', 'text', 'text', 'text'),
(5, 'Swelling', '2022-06-13 16:00:00', '2022-06-13 16:00:00', '40-80', 'female', 'Swelling occurs when a part of the body increases in size, typically as a result of injury, inflammation, or fluid retention. The medical term for swelling is edema.', 'text', 'Swelling can occur in the skin, joints, and other tissues and organs of the body. There are several reasons a person may experience swelling in different parts of their body, with some being more serious than others.', 'text', 'text', 'text', 'text', 'A person can also try lying on a bed with their feet elevated and wearing compression stockings.', 'text', 'if the swelling is unexplained, does not get better with treatment, or lasts for a long time, a person should talk to a doctor. They can examine the swelling and help determine what is causing it.', 'text', 'text', 'text');

-- --------------------------------------------------------

--
-- Table structure for table `tip_for_day`
--

CREATE TABLE `tip_for_day` (
  `id` int(11) NOT NULL,
  `name` varchar(255) DEFAULT NULL,
  `value` varchar(255) DEFAULT NULL,
  `created_at` datetime NOT NULL,
  `updated_at` datetime NOT NULL
) ENGINE=InnoDB DEFAULT CHARSET=utf8;

--
-- Dumping data for table `tip_for_day`
--

INSERT INTO `tip_for_day` (`id`, `name`, `value`, `created_at`, `updated_at`) VALUES
(1, 'Tip For Day', 'Tip from general internal search for the medication and appointment or/and general when no entries exist', '2022-06-09 10:41:09', '2022-06-09 10:41:09');

-- --------------------------------------------------------

--
-- Table structure for table `user`
--

CREATE TABLE `user` (
  `id` int(11) NOT NULL,
  `first_name` varchar(50) DEFAULT NULL,
  `last_name` varchar(50) DEFAULT NULL,
  `gender` varchar(10) DEFAULT NULL,
  `dob` date DEFAULT NULL,
  `email` varchar(50) DEFAULT NULL,
  `mob_no` varchar(13) DEFAULT NULL,
  `language` varchar(50) DEFAULT NULL,
  `created_at` datetime NOT NULL,
  `updated_at` datetime NOT NULL,
  `otp` varchar(255) DEFAULT NULL,
  `image` varchar(200) DEFAULT NULL,
  `player_id` varchar(255) DEFAULT NULL,
  `country_code` varchar(255) DEFAULT NULL
) ENGINE=InnoDB DEFAULT CHARSET=utf8;

--
-- Dumping data for table `user`
--

INSERT INTO `user` (`id`, `first_name`, `last_name`, `gender`, `dob`, `email`, `mob_no`, `language`, `created_at`, `updated_at`, `otp`, `image`, `player_id`, `country_code`) VALUES
(37, 'Abdul Rauf', 'Vhora', 'Male', '1998-12-30', 'abc12222@gmail.com', '3265326565', 'english', '2022-04-26 06:38:58', '2022-06-16 04:30:20', '5005', 'https://live-sanjivani.s3.us-east-2.amazonaws.com/userProfileImages/30CA5994-1E57-4C41-A9AB-1EB593D39301.jpg', 'a7141ae0-c7cb-4d89-8daf-aba83a9e2046', '+91'),
(41, 'Bhrugu', 'Tundeliya', 'Male', '1994-09-14', 'knowbhrugu14@gmail.com', '8460304001', 'english', '2022-05-31 05:35:58', '2022-06-20 05:38:18', '9292', 'https://live-sanjivani.s3.us-east-2.amazonaws.com/userProfileImages/065904e3-6473-41b3-a7d2-ab2d94367d7a.jpg', 'd5349631-0036-41ca-b0d3-6f7e2a5296de', '+91'),
(49, 'Bhavya', 'Savaliya', 'Male', '2000-06-17', 'bhavyasavaliya.bs@gmail.com', '121214521', 'English', '2022-06-01 09:01:07', '2022-06-14 04:55:29', '8660', 'https://live-sanjivani.s3.us-east-2.amazonaws.com/userProfileImages/0084776f-287a-4c7b-bc84-5670fa9760c0.jpg', '04367c07-a552-4891-a180-e7dd0b6b5549', '+91'),
(50, 'bhavya', 'savaliya', 'Male', '2022-05-02', 'bhavya@gmail.com', '7777777777', 'Hindi', '2022-06-01 09:02:12', '2022-06-01 09:02:12', '1209', NULL, NULL, '+91'),
(54, 'bhavya', 'savaliya', 'Male', '2022-05-02', 'bhavya@gmail.com', '7777777776', 'Hindi', '2022-06-01 09:02:51', '2022-06-01 09:02:51', '6954', NULL, NULL, '+91'),
(56, 'bhavya', 'savaliya', 'Male', '2022-05-02', 'bhavya@gmail.com', '7777777555', 'Hindi', '2022-06-01 09:03:32', '2022-06-01 09:03:32', '4631', NULL, NULL, '+91'),
(57, 'bansi1', 'parmar', 'Female', '1998-12-12', 'abc12222@gmail.com', '2222222227', 'English', '2022-06-01 09:42:26', '2022-06-15 09:24:00', '9741', NULL, NULL, '+91'),
(58, 'demoLast', 'demo', 'Male', '2022-06-22', 'demo@gmail.com', '5251414444', 'Hindi', '2022-06-02 05:05:41', '2022-06-02 05:05:41', '8913', NULL, NULL, '+91'),
(61, 'Bhrugu', 'Tundeliya', 'Male', '1994-09-14', 'knowbhrugu14@gmail.com', '8460304002', 'english', '2022-06-02 05:36:35', '2022-06-02 05:36:35', '8302', NULL, NULL, '+91'),
(62, 'John', 'Doe', 'Other', '2022-06-08', 'John@gmail.com', '7897897987', 'English', '2022-06-08 06:39:02', '2022-06-08 06:41:32', '9643', NULL, NULL, '+91'),
(63, 'Hiral', 'Patel', 'Female', '2022-06-08', 'hiralpatel8123@gmail.com', '6355340577', 'Hindi', '2022-06-08 12:54:10', '2022-06-20 04:07:01', '6469', NULL, '6cefc991-4d54-4daf-9173-5809dd1a8bb3', '+91'),
(65, 'Ketan', 'patel', 'Other', '1996-03-30', 'ketanp1121@gmail.com', '8000387555', 'english', '2022-06-09 11:39:34', '2022-06-19 07:18:37', '7883', 'https://live-sanjivani.s3.us-east-2.amazonaws.com/userProfileImages/71ba3a76-15c4-4fe9-8dde-821d200dd1ff.jpg', '7cfeec6e-1a45-4a98-9301-5649b699c795', '+91'),
(68, 'Parmar', 'Shil', 'Male', '2022-06-09', 'parmarshil226@gmail.com', '9316777212', 'English', '2022-06-09 12:54:07', '2022-06-09 13:00:56', '9934', NULL, '49bb1020-390d-4999-a112-c5c183ab8d6b', '+91'),
(70, 'Hiral', 'Patel', 'Female', '2022-06-22', 'hiralpatel8123@gmail.com', '9512957927', 'hindi', '2022-06-09 13:03:19', '2022-06-20 09:02:47', '5482', NULL, NULL, '+91'),
(71, 'Bhavya', 'Savaliya', 'Female', '2022-06-09', 'bhavyasavaliya.BS@gmail.com', '8200144590', 'English', '2022-06-09 13:40:49', '2022-06-09 13:40:49', '8419', NULL, NULL, '+91'),
(72, 'isbdf', 'sdfg', 'Male', '2021-11-01', 'bha@gmail.com', '8888888888', 'Hindi', '2022-06-09 13:42:05', '2022-06-09 13:42:05', '3422', NULL, NULL, '+91'),
(73, 'bhav', 'erwg', 'Male', '2022-06-09', 'erwg@gmail.com', '7878678678', 'English', '2022-06-09 13:49:13', '2022-06-09 13:49:13', '5941', NULL, NULL, '+91'),
(74, 'Bhav', 'dfg', 'Male', '2022-03-06', 'bha@gmail.com', '8987978978', 'English', '2022-06-09 13:51:17', '2022-06-09 13:51:24', '2520', NULL, 'e1bcfff4-ea25-475e-8fa2-803df77bc13c', '+91'),
(75, 'Hiral1', 'Patel', 'Female', '1979-06-10', 'Hiral@gmail.com', '1472583699', 'english', '2022-06-10 04:09:00', '2022-06-16 05:17:36', '8909', NULL, NULL, '+91'),
(76, 'John', 'Doe', 'Male', '2000-05-05', 'john3@gmail.com', '7897897897', 'english', '2022-06-10 05:48:41', '2022-06-10 05:48:41', '4025', NULL, NULL, '+91'),
(77, 'Yes', 'No', 'Male', '2022-06-10', 'Nathi@gmail.com', '9999988888', 'Hindi', '2022-06-10 05:50:56', '2022-06-10 06:23:24', '4783', NULL, NULL, '+91'),
(78, 'john', 'doe', 'Female', '2022-06-10', 'q@gmail.com', '7987897987', 'Hindi', '2022-06-10 06:02:31', '2022-06-10 06:02:31', '7473', NULL, NULL, '+91'),
(80, 'john', 'doe', 'Male', '2022-06-10', 'q1@gmail.com', '7987897988', 'Hindi', '2022-06-10 06:03:33', '2022-06-10 06:03:33', '6984', NULL, NULL, '+91'),
(81, 'john', 'doe', 'Male', '2022-06-10', 'q12@gmail.com', '7987897989', 'Hindi', '2022-06-10 06:04:46', '2022-06-10 06:05:51', '1299', NULL, NULL, '+91'),
(84, 'John ', 'Doe', 'Male', '2022-06-10', 'A1@gmail.com', '9999888887', 'Hindi', '2022-06-10 06:17:58', '2022-06-10 06:17:58', '6000', NULL, NULL, '+91'),
(85, 'bansi99912', 'parmar', 'Female', '2022-06-10', 'abc12222@gmail.com', '2222222222', 'English', '2022-06-10 06:23:50', '2022-06-15 07:16:05', '7216', NULL, 'e407698a-a9ff-46ed-b0e9-623170ad94a5', '+91'),
(86, 'John', 'John', 'Male', '2022-06-10', 'Q11111@gmail.com', '7897527854', 'Hindi', '2022-06-10 06:24:30', '2022-06-10 06:25:24', '1230', NULL, NULL, '+91'),
(87, 'Bansi', 'Parmar', 'Female', '2000-09-03', 'Bansiparmar3999@gmail.com', '6355620053', 'english', '2022-06-10 06:27:28', '2022-06-14 05:08:47', '7120', NULL, '149a6db9-bf5f-42e2-9db9-11fa51e9bf72', '+91'),
(89, 'Ketan', 'Patel ', 'Other', '2022-04-19', 'K@gmail.com', '1234569999', 'English', '2022-06-10 06:41:44', '2022-06-10 06:45:37', '3850', NULL, NULL, '+91'),
(90, 'Abdul', 'Vohra', 'Male', '2022-06-07', 'K@gmail.com', '9898989898', 'English', '2022-06-10 06:46:09', '2022-06-10 11:50:59', '6731', NULL, NULL, '+91'),
(92, 'Bhrugu', 'Tundelya', 'Other', '2022-06-06', 'K@gmail.com', '3333333333', 'Hindi', '2022-06-10 06:49:16', '2022-06-10 06:51:16', '4283', NULL, NULL, '+91'),
(93, 'Pratik', 'Thakkar', '', '2022-06-07', 'K@gmail.com', '1212121212', 'English', '2022-06-10 06:54:20', '2022-06-10 07:06:53', '1175', NULL, NULL, '+91'),
(94, 'bansi1', 'parmar', 'Female', '2022-06-07', 'abc12222@gmail.com', '5959595950', 'English', '2022-06-10 06:56:30', '2022-06-15 09:36:14', '1888', 'https://live-sanjivani.s3.us-east-2.amazonaws.com/userProfileImages/340.jpg', NULL, '+91'),
(97, 'Sil', 'Patel', 'Male', '2022-06-06', 'K@gmail.com', '3213213213', 'English', '2022-06-10 06:58:53', '2022-06-10 06:59:18', '5731', NULL, NULL, '+91'),
(98, 'Aram', 'Kar', 'Other', '2022-06-10', 'K@mail.com', '9696969696', 'English', '2022-06-10 08:58:59', '2022-06-10 08:59:52', '5215', NULL, NULL, '+91'),
(99, 'Jaa', 'Jaaa', 'Male', '2022-06-10', 'K@gmail.com', '9494949494', 'English', '2022-06-10 09:08:41', '2022-06-10 11:51:37', '4695', NULL, NULL, '+91'),
(100, 'Darshan ', 'Borad', 'Male', '2022-06-10', 'Darshan@gmail.com', '3636363636', 'English', '2022-06-10 09:15:16', '2022-06-10 09:17:57', '3324', NULL, '6ffa41c8-98e3-4fb8-9f80-e54197d39476', '+91'),
(102, 'John', 'Doe', 'Male', '2000-05-05', 'john3@gmail.com', '7897897597', 'english', '2022-06-10 09:57:43', '2022-06-10 09:57:43', '8427', NULL, NULL, '+91'),
(103, 'Mast ', 'Munda', 'Other', '2022-06-10', 'B@gmail.com', '5656565656', 'English', '2022-06-10 11:28:07', '2022-06-10 11:33:27', '2123', NULL, NULL, '+91'),
(104, 'Maza avse', 'Na na ave', 'Male', '2022-06-08', 'K@gamil.com', '99999999*#', 'English', '2022-06-10 13:21:07', '2022-06-10 13:21:26', '9486', NULL, NULL, '+91'),
(107, 'Bus ', 'Bus', 'Male', '2022-06-06', 'knowbhrugu14@gmail.com', '0909090909', 'English', '2022-06-10 13:25:18', '2022-06-10 13:28:43', '7818', NULL, NULL, '+91'),
(109, 'bhrugu', 'tundeliya', 'Other', '1944-06-15', 'bhrugutundeliya@gmail.com', '8460304004', 'english', '2022-06-15 04:07:02', '2022-06-15 04:22:25', '7294', NULL, NULL, '+91'),
(111, 'bhrugu', 'tundeliya', 'Female', '2017-06-15', 'bhrugutundeliya@gmail.com', '8460304003', 'english', '2022-06-15 04:23:11', '2022-06-15 04:26:27', '5763', NULL, 'ee73e264-5d25-47b3-85ba-d8c9ce12741f', '+91'),
(113, 'bansi99912', 'parmar', 'Female', '2018-06-15', 'abc12222@gmail.com', '2222222221', 'English', '2022-06-15 05:58:12', '2022-06-15 09:02:51', '4413', NULL, '484d4bb1-10e8-4e4e-b401-04e6dd08115a', '+91'),
(114, 'ketan', 'patel', 'Male', '2018-06-15', 'ketanp1121@gmail.com', '1234567891', 'english', '2022-06-15 09:14:48', '2022-06-15 11:42:14', '1232', NULL, '62055651-bdeb-4d7d-846f-59d5f853f959', '+91'),
(115, 'bhrugu', 'tundeliya', 'Female', '2022-06-07', 'knowbhrugu14@gmail.com', '4567891234', 'english', '2022-06-15 10:26:28', '2022-06-15 10:51:53', '6213', NULL, NULL, '+91'),
(118, 'Bhrugu', 'Tundeliya', 'Female', '2022-06-01', 'Bbb@gmail.com', '1234561234', 'english', '2022-06-15 10:32:07', '2022-06-15 10:32:07', '5643', NULL, NULL, '+91'),
(120, 'Bhrugu', 'Bhrugu', 'Female', '2022-06-01', 'Gggh@gmail.com', '9595959595', 'english', '2022-06-15 10:35:00', '2022-06-15 10:35:00', '9061', NULL, NULL, '+91'),
(121, 'Kkkk', 'Yitififi', 'Other', '2022-06-03', 'Hdjdf@ruk.vin', '9393939393', 'english', '2022-06-15 10:37:37', '2022-06-15 10:37:37', '2016', NULL, NULL, '+91'),
(122, 'Hheh', 'Hwhwh', 'Female', '2022-06-01', 'hehwu@gan.cim', '9292929292', 'english', '2022-06-15 10:42:39', '2022-06-15 10:48:41', '6911', NULL, NULL, '+91'),
(124, 'Jsjwjwjw', 'Uwuwuuwu', 'Female', '2022-06-05', 'Hwu@hah.fkf', '8181818181', 'english', '2022-06-15 10:49:22', '2022-06-15 10:50:55', '4194', NULL, NULL, '+91'),
(125, 'bhrugu', 'tundeliya', 'Male', '1994-06-15', 'knowbhrugu14@gmail.com', '8460304000', 'english', '2022-06-15 11:09:50', '2022-06-15 11:12:05', '6352', NULL, NULL, '+91'),
(126, 'Pragnesh', 'Patel', 'Male', '2021-11-10', 'pragnesh5867@gmail.com', '8155821151', 'english', '2022-06-15 11:46:52', '2022-06-20 08:58:09', '1174', NULL, '8610df06-8a94-4599-9292-94ca9c81750d', '+91'),
(127, 'Kumar', 'Aniket', 'Male', '2022-06-01', 'kraniket007@gmail.com', '5183067013', 'english', '2022-06-15 16:13:09', '2022-06-20 02:13:02', '8984', 'https://live-sanjivani.s3.us-east-2.amazonaws.com/userProfileImages/87c9eca8-c1d6-400f-a2c9-8f7ef297c2c2.jpg', 'b5f91fff-ce2e-4168-9e17-1262d6cf5a34', '+1'),
(128, 'Bhavy', 'Savaliya', 'Male', '2000-06-17', 'Bhavyasavaliya.bs@Gmail.gh', '7622034350', 'english', '2022-06-17 05:24:29', '2022-06-17 09:48:00', '9679', 'https://live-sanjivani.s3.us-east-2.amazonaws.com/userProfileImages/e95a9548-a936-441f-abc1-061e7b47db1d.jpg', NULL, '+91'),
(129, 'Ik', 'Ggg', 'Male', '2022-06-16', 'bhrugutundeliya@gmail.com', '9999999999', 'english', '2022-06-17 06:42:27', '2022-06-17 09:48:17', '5840', NULL, '218c1e05-f52a-414b-863f-35c2b8b4f7c6', '+91'),
(134, 'Kritika', 'solanki', 'Female', '1992-10-17', 'kratika.singh.0907@gmail.com', '1518334028', 'english', '2022-06-20 00:31:36', '2022-06-20 02:07:40', '7888', NULL, NULL, '+1');

-- --------------------------------------------------------

--
-- Table structure for table `user_favorites`
--

CREATE TABLE `user_favorites` (
  `id` int(11) NOT NULL,
  `subcategory_id` int(11) DEFAULT NULL,
  `user_id` int(11) DEFAULT NULL,
  `created_at` datetime NOT NULL,
  `updated_at` datetime NOT NULL
) ENGINE=InnoDB DEFAULT CHARSET=utf8;

--
-- Dumping data for table `user_favorites`
--

INSERT INTO `user_favorites` (`id`, `subcategory_id`, `user_id`, `created_at`, `updated_at`) VALUES
(264, 19, 77, '2022-06-10 06:11:48', '2022-06-10 06:11:48'),
(281, 1, 100, '2022-06-10 09:19:02', '2022-06-10 09:19:02'),
(282, 1, 87, '2022-06-10 09:41:40', '2022-06-10 09:41:40'),
(283, 3, 87, '2022-06-10 09:41:40', '2022-06-10 09:41:40'),
(284, 4, 87, '2022-06-10 09:41:40', '2022-06-10 09:41:40'),
(285, 8, 87, '2022-06-10 09:41:40', '2022-06-10 09:41:40'),
(286, 1, 37, '2022-06-10 11:08:18', '2022-06-10 11:08:18'),
(287, 6, 37, '2022-06-10 11:08:18', '2022-06-10 11:08:18'),
(288, 7, 37, '2022-06-10 11:08:18', '2022-06-10 11:08:18'),
(294, 4, 49, '2022-06-13 05:18:58', '2022-06-13 05:18:58'),
(296, 1, 114, '2022-06-15 09:17:41', '2022-06-15 09:17:41'),
(297, 8, 114, '2022-06-15 09:17:41', '2022-06-15 09:17:41'),
(298, 10, 114, '2022-06-15 09:17:41', '2022-06-15 09:17:41'),
(316, 6, 75, '2022-06-16 05:11:35', '2022-06-16 05:11:35'),
(359, 6, 70, '2022-06-17 05:35:42', '2022-06-17 05:35:42'),
(360, 7, 70, '2022-06-17 05:35:42', '2022-06-17 05:35:42'),
(361, 10, 70, '2022-06-17 05:35:42', '2022-06-17 05:35:42'),
(365, 6, 128, '2022-06-17 06:19:52', '2022-06-17 06:19:52'),
(366, 7, 128, '2022-06-17 06:19:52', '2022-06-17 06:19:52'),
(367, 9, 128, '2022-06-17 06:19:52', '2022-06-17 06:19:52'),
(368, 21, 128, '2022-06-17 06:19:52', '2022-06-17 06:19:52'),
(370, 1, 129, '2022-06-17 07:18:30', '2022-06-17 07:18:30'),
(384, 1, 65, '2022-06-17 10:02:30', '2022-06-17 10:02:30'),
(385, 3, 65, '2022-06-17 10:02:30', '2022-06-17 10:02:30'),
(386, 4, 65, '2022-06-17 10:02:30', '2022-06-17 10:02:30'),
(387, 5, 65, '2022-06-17 10:02:30', '2022-06-17 10:02:30'),
(388, 6, 65, '2022-06-17 10:02:30', '2022-06-17 10:02:30'),
(389, 7, 65, '2022-06-17 10:02:30', '2022-06-17 10:02:30'),
(390, 8, 65, '2022-06-17 10:02:30', '2022-06-17 10:02:30'),
(391, 9, 65, '2022-06-17 10:02:30', '2022-06-17 10:02:30'),
(392, 10, 65, '2022-06-17 10:02:30', '2022-06-17 10:02:30'),
(393, 19, 65, '2022-06-17 10:02:30', '2022-06-17 10:02:30'),
(394, 21, 65, '2022-06-17 10:02:30', '2022-06-17 10:02:30'),
(413, 1, 127, '2022-06-19 23:26:03', '2022-06-19 23:26:03'),
(414, 3, 127, '2022-06-19 23:26:03', '2022-06-19 23:26:03'),
(415, 4, 127, '2022-06-19 23:26:03', '2022-06-19 23:26:03'),
(416, 5, 127, '2022-06-19 23:26:03', '2022-06-19 23:26:03'),
(417, 6, 127, '2022-06-19 23:26:03', '2022-06-19 23:26:03'),
(418, 7, 127, '2022-06-19 23:26:03', '2022-06-19 23:26:03'),
(419, 8, 127, '2022-06-19 23:26:03', '2022-06-19 23:26:03'),
(420, 9, 127, '2022-06-19 23:26:03', '2022-06-19 23:26:03'),
(421, 10, 127, '2022-06-19 23:26:03', '2022-06-19 23:26:03'),
(422, 19, 127, '2022-06-19 23:26:03', '2022-06-19 23:26:03'),
(423, 20, 127, '2022-06-19 23:26:03', '2022-06-19 23:26:03'),
(424, 21, 127, '2022-06-19 23:26:03', '2022-06-19 23:26:03'),
(425, 7, 41, '2022-06-20 04:26:56', '2022-06-20 04:26:56'),
(426, 10, 41, '2022-06-20 04:26:56', '2022-06-20 04:26:56'),
(427, 1, 126, '2022-06-20 08:58:42', '2022-06-20 08:58:42');

-- --------------------------------------------------------

--
-- Table structure for table `user_otp`
--

CREATE TABLE `user_otp` (
  `id` int(11) NOT NULL,
  `otp` varchar(50) DEFAULT NULL,
  `mob_no` varchar(20) DEFAULT NULL,
  `created_at` datetime NOT NULL,
  `updated_at` datetime NOT NULL,
  `user_id` int(11) DEFAULT NULL,
  `country_code` varchar(255) DEFAULT NULL
) ENGINE=InnoDB DEFAULT CHARSET=utf8;

--
-- Dumping data for table `user_otp`
--

INSERT INTO `user_otp` (`id`, `otp`, `mob_no`, `created_at`, `updated_at`, `user_id`, `country_code`) VALUES
(56, '1494', '1472583691', '2022-06-15 11:20:54', '2022-06-15 11:20:54', 75, '+91'),
(57, '8646', '1472583691', '2022-06-15 11:21:14', '2022-06-15 11:21:14', 75, '+91'),
(58, '9643', '1472583691', '2022-06-15 11:21:39', '2022-06-15 11:21:39', 75, '+91'),
(59, '9867', '1472583691', '2022-06-15 11:22:05', '2022-06-15 11:22:05', 75, '+91'),
(60, '5059', '1472583691', '2022-06-15 11:22:22', '2022-06-15 11:22:22', 75, '+91'),
(61, '7167', '1234567893', '2022-06-15 11:42:37', '2022-06-15 11:42:37', 114, '+91'),
(62, '8507', '1234567893', '2022-06-15 11:42:40', '2022-06-15 11:42:40', 114, '+91'),
(63, '1198', '1234567893', '2022-06-15 11:42:54', '2022-06-15 11:42:54', 114, '+91'),
(64, '5565', '1234567893', '2022-06-15 11:43:29', '2022-06-15 11:43:29', 114, '+91'),
(65, '9358', '1234567893', '2022-06-15 11:43:31', '2022-06-15 11:43:31', 114, '+91'),
(66, '4839', '1234567893', '2022-06-15 11:43:36', '2022-06-15 11:43:36', 114, '+91'),
(67, '1059', '1234567893', '2022-06-15 11:43:41', '2022-06-15 11:43:41', 114, '+91'),
(68, '7255', '1234567893', '2022-06-15 11:43:50', '2022-06-15 11:43:50', 114, '+91'),
(69, '4054', '1234567893', '2022-06-15 11:43:52', '2022-06-15 11:43:52', 114, '+91'),
(70, '2699', '1234567893', '2022-06-15 11:43:59', '2022-06-15 11:43:59', 114, '+91'),
(71, '2676', '1234567893', '2022-06-15 11:44:09', '2022-06-15 11:44:09', 114, '+91'),
(72, '4168', '1234567893', '2022-06-15 11:44:46', '2022-06-15 11:44:46', 114, '+91'),
(73, '4748', '1234567893', '2022-06-15 11:45:26', '2022-06-15 11:45:26', 114, '+91'),
(74, '3614', '1234567893', '2022-06-15 11:45:28', '2022-06-15 11:45:28', 114, '+91'),
(75, '3774', '5959595951', '2022-06-15 11:49:56', '2022-06-15 11:49:56', 94, '+91'),
(76, '7408', '5959595951', '2022-06-15 11:50:41', '2022-06-15 11:50:41', 94, '+91'),
(77, '4669', '8155821152', '2022-06-15 11:50:42', '2022-06-15 11:50:42', 126, '+91'),
(78, '7528', '8155821152', '2022-06-15 11:51:15', '2022-06-15 11:51:15', 126, '+91'),
(79, '1930', '1234567899', '2022-06-15 11:51:44', '2022-06-15 11:51:44', 114, '+91'),
(80, '5291', '5959595951', '2022-06-15 11:51:51', '2022-06-15 11:51:51', 94, '+91'),
(81, '8343', '1472583691', '2022-06-15 11:54:35', '2022-06-15 11:54:35', 75, '+91'),
(84, '8542', '1472583699', '2022-06-15 12:00:18', '2022-06-15 12:00:18', 75, '+91'),
(85, '5111', '1472583699', '2022-06-15 12:06:58', '2022-06-15 12:06:58', 75, '+91'),
(86, '3923', '1472583699', '2022-06-15 12:07:14', '2022-06-15 12:07:14', 75, '+91'),
(87, '5501', '1472583699', '2022-06-15 12:08:44', '2022-06-15 12:08:44', 75, '+91'),
(88, '3671', '1472583699', '2022-06-15 12:09:04', '2022-06-15 12:09:04', 75, '+91');

-- --------------------------------------------------------

--
-- Table structure for table `user_subcategories_value`
--

CREATE TABLE `user_subcategories_value` (
  `id` int(11) NOT NULL,
  `value` varchar(255) DEFAULT NULL,
  `is_selected` tinyint(1) DEFAULT NULL,
  `created_at` datetime NOT NULL,
  `updated_at` datetime NOT NULL,
  `user_id` int(11) DEFAULT NULL,
  `subcategory_id` int(11) DEFAULT NULL,
  `value_added_time` varchar(255) DEFAULT NULL,
  `value_added_month` varchar(255) DEFAULT NULL
) ENGINE=InnoDB DEFAULT CHARSET=utf8;

--
-- Dumping data for table `user_subcategories_value`
--

INSERT INTO `user_subcategories_value` (`id`, `value`, `is_selected`, `created_at`, `updated_at`, `user_id`, `subcategory_id`, `value_added_time`, `value_added_month`) VALUES
(95, '300', 0, '2022-06-09 05:26:19', '2022-06-09 05:26:19', 41, 10, '10:56', '6'),
(96, '200', 0, '2022-06-09 05:26:25', '2022-06-09 05:26:25', 41, 10, '10:56', '6'),
(97, '80', 0, '2022-06-09 05:28:15', '2022-06-09 05:28:15', 63, 1, '10:58', '6'),
(98, '90', 0, '2022-06-09 05:28:15', '2022-06-09 05:28:15', 63, 3, '10:58', '6'),
(99, '100', 0, '2022-06-09 05:28:15', '2022-06-09 05:28:15', 63, 1, '10:58', '6'),
(100, '200', 0, '2022-06-09 05:30:11', '2022-06-09 05:30:11', 41, 10, '11:00', '6'),
(101, '200', 0, '2022-06-09 06:06:53', '2022-06-09 06:06:53', 41, 10, '11:36', '6'),
(102, '5', 0, '2022-06-09 06:07:35', '2022-06-09 06:07:35', 49, 10, '11:37', '6'),
(103, '200', 0, '2022-06-09 06:42:43', '2022-06-09 06:42:43', 41, 10, '12:12', '6'),
(104, '200', 0, '2022-06-09 07:13:42', '2022-06-09 07:13:42', 41, 10, '12:43', '6'),
(105, '25', 0, '2022-06-09 11:25:12', '2022-06-09 11:25:12', 37, 1, '16:55', '6'),
(106, '20', 0, '2022-07-09 12:27:29', '2022-07-09 12:27:29', 41, 10, '17:57', '7'),
(107, '80', 0, '2022-07-09 12:27:36', '2022-07-09 12:27:36', 41, 10, '17:57', '7'),
(108, '80', 0, '2022-07-09 12:27:44', '2022-07-09 12:27:44', 41, 10, '17:57', '7'),
(109, '11', 0, '2022-08-09 12:28:37', '2022-08-09 12:28:37', 41, 10, '17:58', '8'),
(110, '111', 0, '2022-08-09 12:28:37', '2022-08-09 12:28:37', 41, 10, '17:58', '8'),
(111, '111', 0, '2022-08-09 12:28:37', '2022-08-09 12:28:37', 41, 10, '17:58', '8'),
(112, '1111', 0, '2022-06-10 12:28:37', '2022-06-10 12:28:37', 41, 10, '17:58', '6'),
(113, '1111', 0, '2022-06-11 12:28:37', '2022-06-11 12:28:37', 41, 10, '17:58', '6'),
(114, '1111', 0, '2022-06-09 12:28:37', '2022-06-09 12:28:37', 65, 10, '17:58', '6'),
(115, '11', 0, '2022-10-09 12:28:43', '2022-10-09 12:28:43', 41, 10, '17:58', '10'),
(116, '11', 0, '2022-06-09 12:28:49', '2022-06-09 12:28:49', 65, 6, '17:58', '6'),
(117, '11', 0, '2022-06-09 12:28:55', '2022-06-09 12:28:55', 65, 5, '17:58', '6'),
(118, '11', 0, '2022-06-09 12:29:01', '2022-06-09 12:29:01', 65, 4, '17:59', '6'),
(119, '111', 0, '2022-06-09 12:29:06', '2022-06-09 12:29:06', 65, 3, '17:59', '6'),
(120, '111', 0, '2022-06-09 12:29:11', '2022-06-09 12:29:11', 65, 1, '17:59', '6'),
(121, '111', 0, '2022-06-09 12:29:40', '2022-06-09 12:29:40', 65, 1, '17:59', '6'),
(122, '111', 0, '2022-06-09 12:29:40', '2022-06-09 12:29:40', 65, 3, '17:59', '6'),
(123, '1111', 0, '2022-06-09 12:29:40', '2022-06-09 12:29:40', 65, 4, '17:59', '6'),
(124, '111', 0, '2022-06-09 12:29:40', '2022-06-09 12:29:40', 65, 5, '17:59', '6'),
(125, '4444', 0, '2022-06-09 12:29:40', '2022-06-09 12:29:40', 65, 6, '17:59', '6'),
(126, '111', 0, '2022-06-09 12:29:51', '2022-06-09 12:29:51', 65, 1, '17:59', '6'),
(127, '111', 0, '2022-06-09 12:29:51', '2022-06-09 12:29:51', 65, 3, '17:59', '6'),
(128, '111', 0, '2022-06-09 12:29:51', '2022-06-09 12:29:51', 65, 4, '17:59', '6'),
(129, '111', 0, '2022-06-09 12:29:51', '2022-06-09 12:29:51', 65, 5, '17:59', '6'),
(130, '111', 0, '2022-06-09 12:29:58', '2022-06-09 12:29:58', 65, 1, '17:59', '6'),
(131, '111', 0, '2022-06-09 12:29:58', '2022-06-09 12:29:58', 65, 3, '17:59', '6'),
(132, '111', 0, '2022-06-09 12:29:58', '2022-06-09 12:29:58', 65, 4, '17:59', '6'),
(133, '11', 0, '2022-06-09 12:30:05', '2022-06-09 12:30:05', 65, 1, '18:00', '6'),
(134, '11', 0, '2022-06-09 12:30:05', '2022-06-09 12:30:05', 65, 3, '18:00', '6'),
(135, '11', 0, '2022-06-09 12:30:15', '2022-06-09 12:30:15', 65, 9, '18:00', '6'),
(136, '111', 0, '2022-06-09 12:30:15', '2022-06-09 12:30:15', 65, 19, '18:00', '6'),
(137, '4111', 0, '2022-06-09 12:30:15', '2022-06-09 12:30:15', 65, 8, '18:00', '6'),
(138, '11', 0, '2022-06-09 12:30:21', '2022-06-09 12:30:21', 65, 9, '18:00', '6'),
(139, '11', 0, '2022-06-09 12:30:21', '2022-06-09 12:30:21', 65, 19, '18:00', '6'),
(140, '11', 0, '2022-06-09 12:30:26', '2022-06-09 12:30:26', 65, 10, '18:00', '6'),
(141, '111', 0, '2022-06-09 12:30:48', '2022-06-09 12:30:48', 65, 10, '18:00', '6'),
(142, '11', 0, '2022-06-09 12:30:53', '2022-06-09 12:30:53', 65, 10, '18:00', '6'),
(143, '200', 0, '2022-06-09 13:00:22', '2022-06-09 13:00:22', 41, 10, '18:30', '6'),
(144, '300', 0, '2022-06-09 13:15:18', '2022-06-09 13:15:18', 41, 10, '18:45', '6'),
(145, '5555', 0, '2022-06-09 14:06:35', '2022-06-09 14:06:35', 41, 10, '19:36', '6'),
(146, '98', 0, '2022-06-10 04:33:51', '2022-06-10 04:33:51', 41, 1, '10:03', '6'),
(147, '85', 0, '2022-06-10 04:34:11', '2022-06-10 04:34:11', 41, 1, '10:04', '6'),
(148, '55', 0, '2022-06-10 04:34:33', '2022-06-10 04:34:33', 41, 3, '10:04', '6'),
(149, '55', 0, '2022-06-10 04:34:33', '2022-06-10 04:34:33', 41, 4, '10:04', '6'),
(150, '45', 0, '2022-06-10 04:34:33', '2022-06-10 04:34:33', 41, 6, '10:04', '6'),
(151, '58', 0, '2022-06-10 04:39:08', '2022-06-10 04:39:08', 41, 8, '10:09', '6'),
(152, '58', 0, '2022-06-10 04:39:15', '2022-06-10 04:39:15', 41, 10, '10:09', '6'),
(153, '100', 0, '2022-06-10 04:56:05', '2022-06-10 04:56:05', 49, 1, '10:26', '6'),
(154, '200', 0, '2022-06-10 04:56:15', '2022-06-10 04:56:15', 49, 1, '10:26', '6'),
(155, '22', 0, '2022-06-10 04:57:20', '2022-06-10 04:57:20', 49, 1, '10:27', '6'),
(156, '333', 0, '2022-06-10 04:57:28', '2022-06-10 04:57:28', 49, 1, '10:27', '6'),
(157, '66', 0, '2022-06-10 05:58:22', '2022-06-10 05:58:22', 77, 7, '11:28', '6'),
(158, '666', 0, '2022-06-10 05:58:22', '2022-06-10 05:58:22', 77, 6, '11:28', '6'),
(159, '666', 0, '2022-06-10 05:58:22', '2022-06-10 05:58:22', 77, 5, '11:28', '6'),
(160, '999', 0, '2022-06-10 05:58:22', '2022-06-10 05:58:22', 77, 4, '11:28', '6'),
(161, '6666', 0, '2022-06-10 05:58:22', '2022-06-10 05:58:22', 77, 3, '11:28', '6'),
(162, '6666', 0, '2022-06-10 05:58:22', '2022-06-10 05:58:22', 77, 1, '11:28', '6'),
(163, '999', 0, '2022-06-10 05:58:31', '2022-06-10 05:58:31', 77, 8, '11:28', '6'),
(164, '9999', 0, '2022-06-10 05:58:31', '2022-06-10 05:58:31', 77, 9, '11:28', '6'),
(165, '6666', 0, '2022-06-10 05:58:31', '2022-06-10 05:58:31', 77, 19, '11:28', '6'),
(166, '45', 0, '2022-06-10 08:28:05', '2022-06-10 08:28:05', 87, 1, '13:58', '6'),
(167, '68', 0, '2022-06-10 09:18:55', '2022-06-10 09:18:55', 100, 1, '14:48', '6'),
(168, '555', 0, '2022-06-10 09:41:22', '2022-06-10 09:41:22', 87, 8, '15:11', '6'),
(169, '55', 0, '2022-06-10 09:41:32', '2022-06-10 09:41:32', 87, 1, '15:11', '6'),
(170, '55', 0, '2022-06-10 09:41:32', '2022-06-10 09:41:32', 87, 3, '15:11', '6'),
(171, '6', 0, '2022-06-10 09:41:32', '2022-06-10 09:41:32', 87, 4, '15:11', '6'),
(172, 'After Meal', 0, '2022-06-10 11:08:08', '2022-06-10 11:08:08', 37, 7, '16:38', '6'),
(173, '95', 0, '2022-06-10 11:08:08', '2022-06-10 11:08:08', 37, 6, '16:38', '6'),
(174, '50', 0, '2022-06-10 13:36:11', '2022-06-10 13:36:11', 41, 10, '19:06', '6'),
(175, '1000', 0, '2022-06-10 13:36:44', '2022-06-10 13:36:44', 41, 10, '19:06', '6'),
(176, 'Fasting', 0, '2022-06-13 13:30:56', '2022-06-13 13:30:56', 41, 7, '19:00', '6'),
(177, '50', 0, '2022-06-15 09:01:53', '2022-06-15 09:01:53', 113, 1, '14:31', '6'),
(178, '1', 0, '2022-06-15 09:16:02', '2022-06-15 09:16:02', 114, 1, '14:46', '6'),
(179, '11', 0, '2022-06-15 09:16:38', '2022-06-15 09:16:38', 114, 1, '14:46', '6'),
(180, '1', 0, '2022-06-15 09:17:06', '2022-06-15 09:17:06', 114, 8, '14:47', '6'),
(181, '1', 0, '2022-06-15 09:17:15', '2022-06-15 09:17:15', 114, 10, '14:47', '6'),
(182, '50', 0, '2022-06-15 12:48:27', '2022-06-15 12:48:27', 75, 1, '18:18', '6'),
(183, '10', 0, '2022-06-15 12:48:27', '2022-06-15 12:48:27', 75, 3, '18:18', '6'),
(184, '60', 0, '2022-06-15 12:48:27', '2022-06-15 12:48:27', 75, 4, '18:18', '6'),
(185, '10', 0, '2022-06-15 12:48:27', '2022-06-15 12:48:27', 75, 5, '18:18', '6'),
(186, '5', 0, '2022-06-15 12:48:27', '2022-06-15 12:48:27', 75, 6, '18:18', '6'),
(187, '55', 0, '2022-06-15 13:09:35', '2022-06-15 13:09:35', 75, 1, '18:39', '6'),
(188, '98', 0, '2022-06-15 13:09:42', '2022-06-15 13:09:42', 75, 1, '18:39', '6'),
(189, '59', 0, '2022-06-15 13:09:48', '2022-06-15 13:09:48', 75, 1, '18:39', '6'),
(190, '79', 0, '2022-06-16 00:37:09', '2022-06-16 00:37:09', 127, 1, '06:07', '6'),
(191, '99', 0, '2022-06-16 00:37:09', '2022-06-16 00:37:09', 127, 4, '06:07', '6'),
(192, '95', 0, '2022-06-16 00:37:09', '2022-06-16 00:37:09', 127, 5, '06:07', '6'),
(193, '56', 0, '2022-06-16 04:54:17', '2022-06-16 04:54:17', 75, 4, '10:24', '6'),
(194, '89', 0, '2022-06-16 04:54:17', '2022-06-16 04:54:17', 75, 5, '10:24', '6'),
(195, '99', 0, '2022-06-16 04:54:17', '2022-06-16 04:54:17', 75, 6, '10:24', '6'),
(196, 'After Meal', 0, '2022-06-16 04:54:17', '2022-06-16 04:54:17', 75, 7, '10:24', '6'),
(197, '200', 0, '2022-06-16 09:43:36', '2022-06-16 09:43:36', 70, 10, '15:13', '6'),
(198, '{\'Systolic\':\'10\',\'Diastolic\':\'20\'}', 0, '2022-06-16 09:43:36', '2022-06-16 09:43:36', 70, 6, '15:13', '6'),
(199, '{\'Systolic\':\'value\',\'value\':\'100\'}', 0, '2022-06-16 09:43:36', '2022-06-16 09:43:36', 70, 7, '15:13', '6'),
(200, '200', 0, '2022-06-16 09:46:19', '2022-06-16 09:46:19', 70, 10, '15:16', '6'),
(201, '{\'Systolic\':\'7\',\'Diastolic\':\'9\'}', 0, '2022-06-16 09:46:19', '2022-06-16 09:46:19', 70, 6, '15:16', '6'),
(202, '{\'Systolic\':\'50\',\'value\':\'100\'}', 0, '2022-06-16 09:46:19', '2022-06-16 09:46:19', 70, 7, '15:16', '6'),
(203, '{\'Time\':\'After Meal\',\'value\':\'50\'}', 0, '2022-06-16 11:21:45', '2022-06-16 11:21:45', 41, 7, '16:51', '6'),
(204, '{\'Systolic\':\'50\',\'Diastolic\':\'60\'}', 0, '2022-06-16 12:32:51', '2022-06-16 12:32:51', 41, 6, '18:02', '6'),
(205, '{\'Systolic\':\'50\',\'Diastolic\':\'60\'}', 0, '2022-06-16 12:35:26', '2022-06-16 12:35:26', 41, 6, '18:05', '6'),
(206, '{\'Time\':\'After Meal\',\'value\':\'50\'}', 0, '2022-06-16 12:35:57', '2022-06-16 12:35:57', 41, 7, '18:05', '6'),
(207, '{\'Systolic\':\'150\',\'Diastolic\':\'100\'}', 0, '2022-06-17 04:51:34', '2022-06-17 04:51:34', 65, 6, '10:21', '6'),
(208, '{\'Systolic\':\'150\',\'Diastolic\':\'180\'}', 0, '2022-06-17 04:52:11', '2022-06-17 04:52:11', 65, 6, '10:22', '6'),
(209, '{\'Systolic\':\'150\',\'Diastolic\':\'150\'}', 0, '2022-06-17 04:52:31', '2022-06-17 04:52:31', 65, 6, '10:22', '6'),
(210, '{\'Systolic\':\'10\',\'Diastolic\':\'10\'}', 0, '2022-06-17 05:01:08', '2022-06-17 05:01:08', 65, 6, '10:31', '6'),
(211, '10', 0, '2022-06-17 05:56:53', '2022-06-17 05:56:53', 128, 1, '11:26', '6'),
(212, '20', 0, '2022-06-17 05:56:53', '2022-06-17 05:56:53', 128, 3, '11:26', '6'),
(213, '30', 0, '2022-06-17 05:56:53', '2022-06-17 05:56:53', 128, 4, '11:26', '6'),
(214, '40', 0, '2022-06-17 05:56:53', '2022-06-17 05:56:53', 128, 5, '11:26', '6'),
(215, '{\'Systolic\':\'50\',\'Diastolic\':\'60\'}', 0, '2022-06-17 05:56:53', '2022-06-17 05:56:53', 128, 6, '11:26', '6'),
(216, '{\'Time\':\'After Meal\',\'value\':\'70\'}', 0, '2022-06-17 05:56:53', '2022-06-17 05:56:53', 128, 7, '11:26', '6'),
(217, '50', 0, '2022-06-17 05:57:27', '2022-06-17 05:57:27', 128, 8, '11:27', '6'),
(218, '70', 0, '2022-06-17 05:57:27', '2022-06-17 05:57:27', 128, 9, '11:27', '6'),
(219, '20', 0, '2022-06-17 05:57:27', '2022-06-17 05:57:27', 128, 21, '11:27', '6'),
(220, '120', 0, '2022-06-17 05:57:27', '2022-06-17 05:57:27', 128, 19, '11:27', '6'),
(221, '-', 0, '2022-06-17 07:18:14', '2022-06-17 07:18:14', 129, 1, '12:48', '6'),
(222, '-', 0, '2022-06-17 07:18:14', '2022-06-17 07:18:14', 129, 1, '12:48', '6'),
(223, '6', 0, '2022-06-17 07:19:09', '2022-06-17 07:19:09', 129, 21, '12:49', '6'),
(224, '5', 0, '2022-06-17 07:19:09', '2022-06-17 07:19:09', 129, 9, '12:49', '6'),
(225, '2', 0, '2022-06-17 07:19:09', '2022-06-17 07:19:09', 129, 8, '12:49', '6'),
(226, '7', 0, '2022-06-17 07:19:09', '2022-06-17 07:19:09', 129, 19, '12:49', '6'),
(227, '{\'Time\':\'Fasting\',\'value\':\'80\'}', 0, '2022-06-17 09:05:37', '2022-06-17 09:05:37', 65, 7, '14:35', '6'),
(228, '{\'Time\':\'Fasting\',\'value\':\'50\'}', 0, '2022-06-17 09:06:57', '2022-06-17 09:06:57', 65, 7, '14:36', '6'),
(229, '', 0, '2022-06-17 09:14:55', '2022-06-17 09:14:55', 65, 21, '14:44', '6'),
(230, '', 0, '2022-06-17 09:15:06', '2022-06-17 09:15:06', 65, 21, '14:45', '6'),
(231, '', 0, '2022-06-17 09:15:26', '2022-06-17 09:15:26', 65, 21, '14:45', '6'),
(232, '', 0, '2022-06-17 09:15:35', '2022-06-17 09:15:35', 65, 10, '14:45', '6'),
(233, '5', 0, '2022-06-17 09:43:35', '2022-06-17 09:43:35', 65, 1, '15:13', '6'),
(234, '', 0, '2022-06-17 09:45:42', '2022-06-17 09:45:42', 65, 21, '15:15', '6'),
(235, '', 0, '2022-06-17 09:45:53', '2022-06-17 09:45:53', 65, 21, '15:15', '6'),
(236, '99', 0, '2022-06-17 09:53:16', '2022-06-17 09:53:16', 65, 1, '15:23', '6'),
(237, '88', 0, '2022-06-17 09:53:29', '2022-06-17 09:53:29', 65, 1, '15:23', '6'),
(238, '', 0, '2022-06-17 09:58:55', '2022-06-17 09:58:55', 65, 1, '15:28', '6'),
(239, '', 0, '2022-06-17 09:58:55', '2022-06-17 09:58:55', 65, 3, '15:28', '6'),
(240, '{\'Time\':\'After Meal\',\'value\':\'69\'}', 0, '2022-06-17 09:58:55', '2022-06-17 09:58:55', 65, 7, '15:28', '6'),
(241, '', 0, '2022-06-17 09:58:55', '2022-06-17 09:58:55', 65, 1, '15:28', '6'),
(242, '', 0, '2022-06-17 09:58:55', '2022-06-17 09:58:55', 65, 3, '15:28', '6'),
(243, '{\'Time\':\'After Meal\',\'value\':\'69\'}', 0, '2022-06-17 09:58:55', '2022-06-17 09:58:55', 65, 7, '15:28', '6'),
(244, '{\'Time\':\'Random\',\'value\':\'66\'}', 0, '2022-06-17 09:59:13', '2022-06-17 09:59:13', 65, 7, '15:29', '6'),
(245, '', 0, '2022-06-17 09:59:13', '2022-06-17 09:59:13', 65, 1, '15:29', '6'),
(246, '{\'Systolic\':\'66\',\'Diastolic\':\'66\'}', 0, '2022-06-17 09:59:27', '2022-06-17 09:59:27', 65, 6, '15:29', '6'),
(247, '', 0, '2022-06-17 09:59:47', '2022-06-17 09:59:47', 65, 5, '15:29', '6'),
(248, '', 0, '2022-06-17 09:59:47', '2022-06-17 09:59:47', 65, 4, '15:29', '6'),
(249, '666', 0, '2022-06-17 09:59:47', '2022-06-17 09:59:47', 65, 3, '15:29', '6'),
(250, '', 0, '2022-06-17 10:00:19', '2022-06-17 10:00:19', 65, 8, '15:30', '6'),
(251, '', 0, '2022-06-17 10:00:19', '2022-06-17 10:00:19', 65, 21, '15:30', '6'),
(252, '66', 0, '2022-06-17 10:00:19', '2022-06-17 10:00:19', 65, 9, '15:30', '6'),
(253, '', 0, '2022-06-17 10:00:43', '2022-06-17 10:00:43', 65, 10, '15:30', '6'),
(254, '5000', 0, '2022-06-17 10:00:43', '2022-06-17 10:00:43', 65, 20, '15:30', '6'),
(255, '', 0, '2022-06-17 10:01:47', '2022-06-17 10:01:47', 65, 9, '15:31', '6'),
(256, '69', 0, '2022-06-17 10:01:47', '2022-06-17 10:01:47', 65, 8, '15:31', '6'),
(257, '69', 0, '2022-06-17 10:01:55', '2022-06-17 10:01:55', 65, 3, '15:31', '6'),
(258, '{\'Time\':\'After Meal\',\'value\':\'6\'}', 0, '2022-06-17 10:03:50', '2022-06-17 10:03:50', 65, 7, '15:33', '6'),
(259, '6', 0, '2022-06-17 10:04:16', '2022-06-17 10:04:16', 65, 8, '15:34', '6'),
(260, '800', 0, '2022-06-17 10:04:25', '2022-06-17 10:04:25', 65, 20, '15:34', '6'),
(261, '11', 0, '2022-06-17 13:18:34', '2022-06-17 13:18:34', 65, 4, '18:48', '6'),
(262, '82', 0, '2022-06-19 23:20:18', '2022-06-19 23:20:18', 127, 1, '04:50', '6'),
(263, '50', 0, '2022-06-19 23:20:18', '2022-06-19 23:20:18', 127, 3, '04:50', '6'),
(264, '101', 0, '2022-06-19 23:20:18', '2022-06-19 23:20:18', 127, 4, '04:50', '6'),
(265, '98', 0, '2022-06-19 23:20:18', '2022-06-19 23:20:18', 127, 5, '04:50', '6'),
(266, '{\'Systolic\':\'120\',\'Diastolic\':\'76\'}', 0, '2022-06-19 23:20:18', '2022-06-19 23:20:18', 127, 6, '04:50', '6'),
(267, '{\'Time\':\'Random\',\'value\':\'150\'}', 0, '2022-06-19 23:20:18', '2022-06-19 23:20:18', 127, 7, '04:50', '6'),
(268, '5.6', 0, '2022-06-19 23:22:36', '2022-06-19 23:22:36', 127, 8, '04:52', '6'),
(269, '70', 0, '2022-06-19 23:22:36', '2022-06-19 23:22:36', 127, 9, '04:52', '6'),
(270, '2000', 0, '2022-06-19 23:22:36', '2022-06-19 23:22:36', 127, 21, '04:52', '6'),
(271, '75', 0, '2022-06-19 23:22:36', '2022-06-19 23:22:36', 127, 19, '04:52', '6'),
(272, '5.25', 0, '2022-06-19 23:25:41', '2022-06-19 23:25:41', 127, 10, '04:55', '6'),
(273, '5000', 0, '2022-06-19 23:25:41', '2022-06-19 23:25:41', 127, 20, '04:55', '6'),
(274, '72 ', 0, '2022-06-20 01:03:51', '2022-06-20 01:03:51', 134, 1, '06:33', '6'),
(275, '75 -', 0, '2022-06-20 01:03:51', '2022-06-20 01:03:51', 134, 3, '06:33', '6'),
(276, '72', 0, '2022-06-20 01:03:51', '2022-06-20 01:03:51', 134, 4, '06:33', '6'),
(277, '72 ', 0, '2022-06-20 01:03:51', '2022-06-20 01:03:51', 134, 5, '06:33', '6'),
(278, '{\'Time\':\'Fasting\',\'value\':\'72\'}', 0, '2022-06-20 01:03:51', '2022-06-20 01:03:51', 134, 7, '06:33', '6'),
(279, '{\'Systolic\':\'72\',\'Diastolic\':\'72\'}', 0, '2022-06-20 01:03:51', '2022-06-20 01:03:51', 134, 6, '06:33', '6'),
(280, '6', 0, '2022-06-20 01:05:44', '2022-06-20 01:05:44', 134, 8, '06:35', '6'),
(281, '68.7', 0, '2022-06-20 01:05:44', '2022-06-20 01:05:44', 134, 9, '06:35', '6'),
(282, '1500', 0, '2022-06-20 01:05:44', '2022-06-20 01:05:44', 134, 21, '06:35', '6'),
(283, '74', 0, '2022-06-20 01:05:44', '2022-06-20 01:05:44', 134, 19, '06:35', '6'),
(284, '8', 0, '2022-06-20 01:07:07', '2022-06-20 01:07:07', 134, 10, '06:37', '6'),
(285, '5000', 0, '2022-06-20 01:07:07', '2022-06-20 01:07:07', 134, 20, '06:37', '6'),
(286, '{\'Time\':\'After Meal\',\'value\':\'50\'}', 0, '2022-06-20 04:26:38', '2022-06-20 04:26:38', 41, 7, '09:56', '6'),
(287, '61', 0, '2022-06-20 08:58:31', '2022-06-20 08:58:31', 126, 1, '14:28', '6'),
(288, '50', 0, '2022-06-20 09:01:26', '2022-06-20 09:01:26', 41, 1, '14:31', '6');

--
-- Indexes for dumped tables
--

--
-- Indexes for table `appointment_reminder`
--
ALTER TABLE `appointment_reminder`
  ADD PRIMARY KEY (`id`),
  ADD KEY `user_id` (`user_id`),
  ADD KEY `doctor_id` (`doctor_id`);

--
-- Indexes for table `care_giver`
--
ALTER TABLE `care_giver`
  ADD PRIMARY KEY (`id`),
  ADD KEY `user_id` (`user_id`);

--
-- Indexes for table `category`
--
ALTER TABLE `category`
  ADD PRIMARY KEY (`id`);

--
-- Indexes for table `contact_us`
--
ALTER TABLE `contact_us`
  ADD PRIMARY KEY (`id`),
  ADD KEY `user_id` (`user_id`);

--
-- Indexes for table `doctors`
--
ALTER TABLE `doctors`
  ADD PRIMARY KEY (`id`);

--
-- Indexes for table `help_support`
--
ALTER TABLE `help_support`
  ADD PRIMARY KEY (`id`);

--
-- Indexes for table `language`
--
ALTER TABLE `language`
  ADD PRIMARY KEY (`id`);

--
-- Indexes for table `medical_journal_note`
--
ALTER TABLE `medical_journal_note`
  ADD PRIMARY KEY (`id`),
  ADD KEY `user_id` (`user_id`);

--
-- Indexes for table `medicine_data`
--
ALTER TABLE `medicine_data`
  ADD PRIMARY KEY (`id`);

--
-- Indexes for table `medicine_form`
--
ALTER TABLE `medicine_form`
  ADD PRIMARY KEY (`id`);

--
-- Indexes for table `medicine_reminder`
--
ALTER TABLE `medicine_reminder`
  ADD PRIMARY KEY (`id`),
  ADD KEY `user_id` (`user_id`),
  ADD KEY `doctor_id` (`doctor_id`),
  ADD KEY `medicine_id` (`medicine_id`);

--
-- Indexes for table `medicine_strength`
--
ALTER TABLE `medicine_strength`
  ADD PRIMARY KEY (`id`);

--
-- Indexes for table `nestedSubcategory`
--
ALTER TABLE `nestedSubcategory`
  ADD PRIMARY KEY (`id`),
  ADD KEY `subcategory_id` (`subcategory_id`);

--
-- Indexes for table `nested_subcategory`
--
ALTER TABLE `nested_subcategory`
  ADD PRIMARY KEY (`id`),
  ADD KEY `subcategory_id` (`subcategory_id`),
  ADD KEY `user_id` (`user_id`);

--
-- Indexes for table `other_subcategory`
--
ALTER TABLE `other_subcategory`
  ADD PRIMARY KEY (`id`),
  ADD KEY `subcategory_id` (`subcategory_id`);

--
-- Indexes for table `reminder_frequency`
--
ALTER TABLE `reminder_frequency`
  ADD PRIMARY KEY (`id`);

--
-- Indexes for table `reminder_time`
--
ALTER TABLE `reminder_time`
  ADD PRIMARY KEY (`id`);

--
-- Indexes for table `subcategory`
--
ALTER TABLE `subcategory`
  ADD PRIMARY KEY (`id`),
  ADD KEY `category_id` (`category_id`);

--
-- Indexes for table `symptom`
--
ALTER TABLE `symptom`
  ADD PRIMARY KEY (`id`);

--
-- Indexes for table `tip_for_day`
--
ALTER TABLE `tip_for_day`
  ADD PRIMARY KEY (`id`);

--
-- Indexes for table `user`
--
ALTER TABLE `user`
  ADD PRIMARY KEY (`id`),
  ADD UNIQUE KEY `mob_no` (`mob_no`),
  ADD UNIQUE KEY `mob_no_2` (`mob_no`),
  ADD UNIQUE KEY `mob_no_3` (`mob_no`),
  ADD UNIQUE KEY `mob_no_4` (`mob_no`),
  ADD UNIQUE KEY `mob_no_5` (`mob_no`),
  ADD UNIQUE KEY `mob_no_6` (`mob_no`),
  ADD UNIQUE KEY `mob_no_7` (`mob_no`),
  ADD UNIQUE KEY `mob_no_8` (`mob_no`),
  ADD UNIQUE KEY `mob_no_9` (`mob_no`),
  ADD UNIQUE KEY `mob_no_10` (`mob_no`),
  ADD UNIQUE KEY `mob_no_11` (`mob_no`),
  ADD UNIQUE KEY `mob_no_12` (`mob_no`),
  ADD UNIQUE KEY `mob_no_13` (`mob_no`),
  ADD UNIQUE KEY `mob_no_14` (`mob_no`),
  ADD UNIQUE KEY `mob_no_15` (`mob_no`),
  ADD UNIQUE KEY `mob_no_16` (`mob_no`),
  ADD UNIQUE KEY `mob_no_17` (`mob_no`),
  ADD UNIQUE KEY `mob_no_18` (`mob_no`),
  ADD UNIQUE KEY `mob_no_19` (`mob_no`),
  ADD UNIQUE KEY `mob_no_20` (`mob_no`),
  ADD UNIQUE KEY `mob_no_21` (`mob_no`),
  ADD UNIQUE KEY `mob_no_22` (`mob_no`),
  ADD UNIQUE KEY `mob_no_23` (`mob_no`),
  ADD UNIQUE KEY `mob_no_24` (`mob_no`),
  ADD UNIQUE KEY `mob_no_25` (`mob_no`),
  ADD UNIQUE KEY `mob_no_26` (`mob_no`),
  ADD UNIQUE KEY `mob_no_27` (`mob_no`),
  ADD UNIQUE KEY `mob_no_28` (`mob_no`),
  ADD UNIQUE KEY `mob_no_29` (`mob_no`),
  ADD UNIQUE KEY `mob_no_30` (`mob_no`),
  ADD UNIQUE KEY `mob_no_31` (`mob_no`),
  ADD UNIQUE KEY `mob_no_32` (`mob_no`),
  ADD UNIQUE KEY `mob_no_33` (`mob_no`),
  ADD UNIQUE KEY `mob_no_34` (`mob_no`),
  ADD UNIQUE KEY `mob_no_35` (`mob_no`),
  ADD UNIQUE KEY `mob_no_36` (`mob_no`),
  ADD UNIQUE KEY `mob_no_37` (`mob_no`),
  ADD UNIQUE KEY `mob_no_38` (`mob_no`),
  ADD UNIQUE KEY `mob_no_39` (`mob_no`),
  ADD UNIQUE KEY `mob_no_40` (`mob_no`),
  ADD UNIQUE KEY `mob_no_41` (`mob_no`),
  ADD UNIQUE KEY `mob_no_42` (`mob_no`),
  ADD UNIQUE KEY `mob_no_43` (`mob_no`),
  ADD UNIQUE KEY `mob_no_44` (`mob_no`),
  ADD UNIQUE KEY `mob_no_45` (`mob_no`),
  ADD UNIQUE KEY `mob_no_46` (`mob_no`),
  ADD UNIQUE KEY `mob_no_47` (`mob_no`),
  ADD UNIQUE KEY `mob_no_48` (`mob_no`),
  ADD UNIQUE KEY `mob_no_49` (`mob_no`),
  ADD UNIQUE KEY `mob_no_50` (`mob_no`),
  ADD UNIQUE KEY `mob_no_51` (`mob_no`),
  ADD UNIQUE KEY `mob_no_52` (`mob_no`),
  ADD UNIQUE KEY `mob_no_53` (`mob_no`),
  ADD UNIQUE KEY `mob_no_54` (`mob_no`),
  ADD UNIQUE KEY `mob_no_55` (`mob_no`),
  ADD UNIQUE KEY `mob_no_56` (`mob_no`),
  ADD UNIQUE KEY `mob_no_57` (`mob_no`),
  ADD UNIQUE KEY `mob_no_58` (`mob_no`),
  ADD UNIQUE KEY `mob_no_59` (`mob_no`),
  ADD UNIQUE KEY `mob_no_60` (`mob_no`),
  ADD UNIQUE KEY `mob_no_61` (`mob_no`),
  ADD UNIQUE KEY `mob_no_62` (`mob_no`),
  ADD UNIQUE KEY `mob_no_63` (`mob_no`);

--
-- Indexes for table `user_favorites`
--
ALTER TABLE `user_favorites`
  ADD PRIMARY KEY (`id`),
  ADD KEY `subcategory_id` (`subcategory_id`),
  ADD KEY `user_id` (`user_id`);

--
-- Indexes for table `user_otp`
--
ALTER TABLE `user_otp`
  ADD PRIMARY KEY (`id`),
  ADD KEY `user_id` (`user_id`);

--
-- Indexes for table `user_subcategories_value`
--
ALTER TABLE `user_subcategories_value`
  ADD PRIMARY KEY (`id`),
  ADD KEY `user_id` (`user_id`),
  ADD KEY `subcategory_id` (`subcategory_id`);

--
-- AUTO_INCREMENT for dumped tables
--

--
-- AUTO_INCREMENT for table `appointment_reminder`
--
ALTER TABLE `appointment_reminder`
  MODIFY `id` int(11) NOT NULL AUTO_INCREMENT, AUTO_INCREMENT=126;

--
-- AUTO_INCREMENT for table `care_giver`
--
ALTER TABLE `care_giver`
  MODIFY `id` int(11) NOT NULL AUTO_INCREMENT, AUTO_INCREMENT=55;

--
-- AUTO_INCREMENT for table `category`
--
ALTER TABLE `category`
  MODIFY `id` int(11) NOT NULL AUTO_INCREMENT, AUTO_INCREMENT=9;

--
-- AUTO_INCREMENT for table `contact_us`
--
ALTER TABLE `contact_us`
  MODIFY `id` int(11) NOT NULL AUTO_INCREMENT, AUTO_INCREMENT=3;

--
-- AUTO_INCREMENT for table `doctors`
--
ALTER TABLE `doctors`
  MODIFY `id` int(11) NOT NULL AUTO_INCREMENT, AUTO_INCREMENT=220;

--
-- AUTO_INCREMENT for table `help_support`
--
ALTER TABLE `help_support`
  MODIFY `id` int(11) NOT NULL AUTO_INCREMENT, AUTO_INCREMENT=7;

--
-- AUTO_INCREMENT for table `language`
--
ALTER TABLE `language`
  MODIFY `id` int(11) NOT NULL AUTO_INCREMENT;

--
-- AUTO_INCREMENT for table `medical_journal_note`
--
ALTER TABLE `medical_journal_note`
  MODIFY `id` int(11) NOT NULL AUTO_INCREMENT, AUTO_INCREMENT=60;

--
-- AUTO_INCREMENT for table `medicine_data`
--
ALTER TABLE `medicine_data`
  MODIFY `id` int(11) NOT NULL AUTO_INCREMENT, AUTO_INCREMENT=37;

--
-- AUTO_INCREMENT for table `medicine_form`
--
ALTER TABLE `medicine_form`
  MODIFY `id` int(11) NOT NULL AUTO_INCREMENT, AUTO_INCREMENT=5;

--
-- AUTO_INCREMENT for table `medicine_reminder`
--
ALTER TABLE `medicine_reminder`
  MODIFY `id` int(11) NOT NULL AUTO_INCREMENT, AUTO_INCREMENT=159;

--
-- AUTO_INCREMENT for table `medicine_strength`
--
ALTER TABLE `medicine_strength`
  MODIFY `id` int(11) NOT NULL AUTO_INCREMENT, AUTO_INCREMENT=6;

--
-- AUTO_INCREMENT for table `nestedSubcategory`
--
ALTER TABLE `nestedSubcategory`
  MODIFY `id` int(11) NOT NULL AUTO_INCREMENT, AUTO_INCREMENT=11;

--
-- AUTO_INCREMENT for table `nested_subcategory`
--
ALTER TABLE `nested_subcategory`
  MODIFY `id` int(11) NOT NULL AUTO_INCREMENT, AUTO_INCREMENT=75;

--
-- AUTO_INCREMENT for table `other_subcategory`
--
ALTER TABLE `other_subcategory`
  MODIFY `id` int(11) NOT NULL AUTO_INCREMENT, AUTO_INCREMENT=11;

--
-- AUTO_INCREMENT for table `reminder_frequency`
--
ALTER TABLE `reminder_frequency`
  MODIFY `id` int(11) NOT NULL AUTO_INCREMENT, AUTO_INCREMENT=5;

--
-- AUTO_INCREMENT for table `reminder_time`
--
ALTER TABLE `reminder_time`
  MODIFY `id` int(11) NOT NULL AUTO_INCREMENT, AUTO_INCREMENT=8;

--
-- AUTO_INCREMENT for table `subcategory`
--
ALTER TABLE `subcategory`
  MODIFY `id` int(11) NOT NULL AUTO_INCREMENT, AUTO_INCREMENT=22;

--
-- AUTO_INCREMENT for table `symptom`
--
ALTER TABLE `symptom`
  MODIFY `id` int(11) NOT NULL AUTO_INCREMENT, AUTO_INCREMENT=6;

--
-- AUTO_INCREMENT for table `tip_for_day`
--
ALTER TABLE `tip_for_day`
  MODIFY `id` int(11) NOT NULL AUTO_INCREMENT, AUTO_INCREMENT=2;

--
-- AUTO_INCREMENT for table `user`
--
ALTER TABLE `user`
  MODIFY `id` int(11) NOT NULL AUTO_INCREMENT, AUTO_INCREMENT=135;

--
-- AUTO_INCREMENT for table `user_favorites`
--
ALTER TABLE `user_favorites`
  MODIFY `id` int(11) NOT NULL AUTO_INCREMENT, AUTO_INCREMENT=428;

--
-- AUTO_INCREMENT for table `user_otp`
--
ALTER TABLE `user_otp`
  MODIFY `id` int(11) NOT NULL AUTO_INCREMENT, AUTO_INCREMENT=93;

--
-- AUTO_INCREMENT for table `user_subcategories_value`
--
ALTER TABLE `user_subcategories_value`
  MODIFY `id` int(11) NOT NULL AUTO_INCREMENT, AUTO_INCREMENT=289;

--
-- Constraints for dumped tables
--

--
-- Constraints for table `appointment_reminder`
--
ALTER TABLE `appointment_reminder`
  ADD CONSTRAINT `appointment_reminder_ibfk_235` FOREIGN KEY (`user_id`) REFERENCES `user` (`id`) ON DELETE SET NULL ON UPDATE CASCADE,
  ADD CONSTRAINT `appointment_reminder_ibfk_236` FOREIGN KEY (`doctor_id`) REFERENCES `doctors` (`id`) ON DELETE SET NULL ON UPDATE CASCADE;

--
-- Constraints for table `care_giver`
--
ALTER TABLE `care_giver`
  ADD CONSTRAINT `care_giver_ibfk_1` FOREIGN KEY (`user_id`) REFERENCES `user` (`id`) ON DELETE SET NULL ON UPDATE CASCADE;

--
-- Constraints for table `contact_us`
--
ALTER TABLE `contact_us`
  ADD CONSTRAINT `contact_us_ibfk_1` FOREIGN KEY (`user_id`) REFERENCES `user` (`id`) ON DELETE SET NULL ON UPDATE CASCADE;

--
-- Constraints for table `medical_journal_note`
--
ALTER TABLE `medical_journal_note`
  ADD CONSTRAINT `medical_journal_note_ibfk_1` FOREIGN KEY (`user_id`) REFERENCES `user` (`id`) ON DELETE SET NULL ON UPDATE CASCADE;

--
-- Constraints for table `medicine_reminder`
--
ALTER TABLE `medicine_reminder`
  ADD CONSTRAINT `medicine_reminder_ibfk_211` FOREIGN KEY (`user_id`) REFERENCES `user` (`id`) ON DELETE SET NULL ON UPDATE CASCADE,
  ADD CONSTRAINT `medicine_reminder_ibfk_212` FOREIGN KEY (`doctor_id`) REFERENCES `doctors` (`id`) ON DELETE SET NULL ON UPDATE CASCADE,
  ADD CONSTRAINT `medicine_reminder_ibfk_213` FOREIGN KEY (`medicine_id`) REFERENCES `medicine_data` (`id`) ON DELETE SET NULL ON UPDATE CASCADE;

--
-- Constraints for table `nestedSubcategory`
--
ALTER TABLE `nestedSubcategory`
  ADD CONSTRAINT `nestedsubcategory_ibfk_1` FOREIGN KEY (`subcategory_id`) REFERENCES `subcategory` (`id`) ON DELETE SET NULL ON UPDATE CASCADE;

--
-- Constraints for table `nested_subcategory`
--
ALTER TABLE `nested_subcategory`
  ADD CONSTRAINT `nested_subcategory_ibfk_57` FOREIGN KEY (`subcategory_id`) REFERENCES `subcategory` (`id`) ON DELETE SET NULL ON UPDATE CASCADE,
  ADD CONSTRAINT `nested_subcategory_ibfk_58` FOREIGN KEY (`user_id`) REFERENCES `user` (`id`) ON DELETE SET NULL ON UPDATE CASCADE;

--
-- Constraints for table `other_subcategory`
--
ALTER TABLE `other_subcategory`
  ADD CONSTRAINT `other_subcategory_ibfk_1` FOREIGN KEY (`subcategory_id`) REFERENCES `subcategory` (`id`) ON DELETE SET NULL ON UPDATE CASCADE;

--
-- Constraints for table `subcategory`
--
ALTER TABLE `subcategory`
  ADD CONSTRAINT `subcategory_ibfk_1` FOREIGN KEY (`category_id`) REFERENCES `category` (`id`) ON DELETE SET NULL ON UPDATE CASCADE;

--
-- Constraints for table `user_favorites`
--
ALTER TABLE `user_favorites`
  ADD CONSTRAINT `user_favorites_ibfk_81` FOREIGN KEY (`subcategory_id`) REFERENCES `subcategory` (`id`) ON DELETE NO ACTION ON UPDATE CASCADE,
  ADD CONSTRAINT `user_favorites_ibfk_82` FOREIGN KEY (`user_id`) REFERENCES `user` (`id`) ON DELETE NO ACTION ON UPDATE CASCADE;

--
-- Constraints for table `user_otp`
--
ALTER TABLE `user_otp`
  ADD CONSTRAINT `user_otp_ibfk_1` FOREIGN KEY (`user_id`) REFERENCES `user` (`id`) ON DELETE SET NULL ON UPDATE CASCADE;

--
-- Constraints for table `user_subcategories_value`
--
ALTER TABLE `user_subcategories_value`
  ADD CONSTRAINT `user_subcategories_value_ibfk_87` FOREIGN KEY (`user_id`) REFERENCES `user` (`id`) ON DELETE SET NULL ON UPDATE CASCADE,
  ADD CONSTRAINT `user_subcategories_value_ibfk_88` FOREIGN KEY (`subcategory_id`) REFERENCES `subcategory` (`id`) ON DELETE SET NULL ON UPDATE CASCADE;

/*!40101 SET CHARACTER_SET_CLIENT=@OLD_CHARACTER_SET_CLIENT */;
/*!40101 SET CHARACTER_SET_RESULTS=@OLD_CHARACTER_SET_RESULTS */;
/*!40101 SET COLLATION_CONNECTION=@OLD_COLLATION_CONNECTION */;
